Hour,Day_of_Week,Weather,Temperature,Road_Capacity,Accidents,Vehicles,Traffic_Level
6,3,3,38,1158,3,422,Low
19,6,0,31,606,4,792,Medium
14,6,2,30,881,1,1489,High
10,4,2,39,1282,0,572,Medium
7,1,3,29,889,0,1456,High
20,1,0,27,743,4,1110,High
6,3,0,29,1084,2,1027,High
18,5,3,18,1368,2,435,Low
22,0,1,30,967,2,870,Medium
10,4,2,26,1365,2,1027,High
10,1,1,18,1433,2,962,Medium
23,4,2,17,1733,4,579,Medium
20,1,2,36,1103,3,993,Medium
3,4,1,31,1514,1,813,Medium
7,2,3,36,1596,2,762,Medium
23,6,3,32,1832,3,619,Medium
2,1,2,39,1359,0,251,Low
21,4,3,32,1709,4,1018,High
20,0,2,37,1776,3,404,Low
1,2,3,31,512,2,1200,High
23,2,2,26,798,2,930,Medium
11,0,3,37,1599,2,456,Low
5,4,0,35,1574,3,384,Low
1,3,1,38,1286,2,344,Low
20,0,0,18,648,3,1237,High
0,4,1,26,621,2,445,Low
11,0,1,37,1734,0,386,Low
21,0,2,36,1803,0,1482,High
11,1,1,35,1037,1,1065,High
16,4,0,34,1679,2,239,Low
9,3,0,29,1761,2,800,Medium
15,6,3,37,875,3,1161,High
14,1,0,30,581,3,1185,High
14,0,3,19,991,2,208,Low
18,6,1,35,855,1,549,Medium
11,5,0,29,1424,2,283,Low
22,6,1,31,1796,3,732,Medium
19,0,0,32,1567,2,1188,High
2,0,0,19,1504,3,557,Medium
4,4,3,27,622,2,577,Medium
18,4,1,33,1872,4,371,Low
6,1,0,27,1207,3,1248,High
20,3,2,32,829,1,592,Medium
8,1,1,28,1932,4,1326,High
6,2,1,18,1490,2,901,Medium
17,0,1,18,822,3,1459,High
3,6,3,34,1634,4,748,Medium
13,5,2,34,1269,1,983,Medium
17,0,1,33,1612,3,531,Medium
8,0,0,27,932,4,993,Medium
20,1,0,26,1209,4,848,Medium
1,5,3,21,1293,4,1182,High
19,5,0,39,1211,0,1252,High
14,5,1,26,1622,2,742,Medium
6,1,0,35,1038,3,1242,High
11,0,1,18,1100,3,1371,High
7,1,0,16,1669,3,690,Medium
14,4,2,16,756,4,482,Low
2,4,3,19,1712,2,1061,High
13,1,3,37,1763,1,312,Low
16,5,2,24,1370,3,1478,High
3,0,2,24,1398,2,1061,High
17,1,3,23,1308,2,809,Medium
7,1,2,27,1176,0,707,Medium
3,1,1,21,770,3,665,Medium
1,2,0,19,1049,4,1023,High
5,4,3,24,1637,2,808,Medium
21,6,2,24,1862,2,1321,High
9,5,1,20,1067,1,489,Low
3,3,3,33,1485,0,1067,High
21,6,2,35,858,2,1379,High
17,5,3,22,1857,2,981,Medium
11,3,2,15,1692,4,361,Low
1,2,3,31,1862,4,823,Medium
9,1,1,21,1297,1,916,Medium
3,2,1,28,1784,1,1320,High
13,2,0,35,1386,1,766,Medium
15,6,3,35,1722,4,1193,High
14,0,0,31,710,4,1340,High
7,6,3,23,786,0,1412,High
13,4,2,31,1242,3,795,Medium
22,3,2,19,1995,3,1403,High
7,1,0,39,1546,0,1404,High
20,6,3,34,1632,3,1158,High
15,3,0,22,795,4,1212,High
12,5,1,20,505,3,674,Medium
17,3,0,25,1049,4,817,Medium
14,5,0,33,1180,0,840,Medium
20,6,2,18,1294,1,461,Low
23,4,0,32,702,0,361,Low
12,6,3,15,824,3,380,Low
8,5,2,27,1324,4,924,Medium
14,3,0,28,743,3,668,Medium
12,3,1,38,826,3,220,Low
0,5,0,15,1486,1,1498,High
6,2,0,25,1570,3,459,Low
8,4,0,31,1260,1,665,Medium
23,0,2,18,1536,4,1339,High
0,1,3,26,1406,4,736,Medium
11,3,1,24,1903,1,1151,High
7,1,0,20,864,0,965,Medium
23,0,3,39,1865,4,1158,High
10,6,3,15,1744,0,1133,High
18,1,2,21,572,4,1050,High
16,0,1,35,1569,4,1480,High
7,5,2,30,773,2,1391,High
2,2,3,38,707,3,732,Medium
2,3,3,28,623,3,214,Low
0,0,3,37,1533,0,249,Low
4,1,2,34,1852,3,1198,High
9,3,1,34,1710,0,503,Medium
6,2,0,20,1042,4,615,Medium
8,5,2,36,559,2,504,Medium
6,6,3,39,1398,2,395,Low
8,3,2,19,1385,4,1012,High
7,6,3,38,1281,1,999,Medium
11,0,0,35,941,1,587,Medium
1,2,0,32,1740,3,956,Medium
0,1,1,29,1410,0,654,Medium
15,2,3,20,1525,2,912,Medium
22,2,1,39,1331,3,904,Medium
22,4,1,33,1507,4,1047,High
23,2,0,15,1879,2,1350,High
4,2,2,15,1125,0,374,Low
2,3,2,27,1688,0,1357,High
11,1,1,17,1497,1,1289,High
7,3,0,24,1233,3,478,Low
21,3,3,35,590,4,957,Medium
2,0,2,17,666,2,562,Medium
0,3,1,23,1458,0,370,Low
2,4,2,22,706,2,1274,High
4,4,2,17,1805,4,864,Medium
14,6,3,39,1588,2,791,Medium
13,0,0,27,1015,3,1130,High
2,6,3,20,1680,1,1368,High
0,6,0,27,1246,2,473,Low
4,5,2,37,805,1,1378,High
22,1,1,34,894,4,707,Medium
13,1,3,34,1597,1,562,Medium
6,3,0,26,686,2,1047,High
8,3,2,27,1860,2,854,Medium
14,5,0,16,1122,0,497,Low
14,3,0,35,1229,2,693,Medium
9,1,0,38,739,1,745,Medium
12,6,2,37,1032,0,503,Medium
18,2,1,30,640,2,1103,High
6,4,1,37,1788,2,438,Low
16,2,1,20,638,4,849,Medium
19,2,0,33,958,0,1083,High
3,1,2,35,569,4,1399,High
4,2,0,27,884,4,609,Medium
22,5,1,31,1129,4,925,Medium
6,0,1,37,697,3,1246,High
12,3,2,23,704,4,517,Medium
14,0,0,31,1067,1,724,Medium
10,6,3,16,1481,2,1104,High
3,4,3,33,1304,3,1499,High
12,3,1,33,1358,4,1223,High
6,2,2,38,1381,2,819,Medium
18,4,0,21,1473,0,1152,High
21,3,0,36,1139,0,1452,High
1,5,1,24,1954,2,1331,High
9,5,1,24,824,1,1000,High
12,5,0,34,941,2,1115,High
20,5,0,23,1303,2,1399,High
5,2,1,31,787,3,519,Medium
11,0,0,29,725,0,1075,High
11,3,3,16,1587,0,528,Medium
19,2,1,18,1466,4,952,Medium
10,5,0,33,1437,2,856,Medium
22,6,1,31,1059,2,1237,High
6,0,2,19,1213,1,1498,High
0,6,1,21,997,0,270,Low
0,4,1,32,1348,1,1026,High
19,6,2,35,1425,3,1418,High
12,4,3,36,559,4,1064,High
8,4,0,21,1920,1,1127,High
2,5,2,31,756,0,305,Low
6,4,1,21,1076,3,969,Medium
5,1,0,18,738,2,1092,High
7,3,2,22,537,3,395,Low
8,3,0,27,524,1,344,Low
4,5,0,18,909,0,670,Medium
0,1,2,20,960,1,415,Low
18,6,0,39,1487,2,1316,High
9,2,3,19,1940,2,459,Low
11,6,2,26,856,0,1133,High
23,2,3,18,882,4,774,Medium
14,4,1,38,1681,3,484,Low
21,0,0,23,1068,3,683,Medium
23,2,1,18,1956,2,571,Medium
8,0,1,33,1571,1,269,Low
19,3,0,38,1851,1,578,Medium
16,0,2,28,932,4,501,Medium
16,3,0,19,1954,1,454,Low
19,1,1,32,555,3,1143,High
11,1,1,24,1076,1,891,Medium
6,5,2,39,767,4,1487,High
1,5,0,33,568,3,1033,High
2,4,1,26,1401,1,916,Medium
16,2,3,32,1972,3,623,Medium
4,4,1,31,1292,2,412,Low
16,3,1,38,756,2,299,Low
23,4,2,25,1171,2,1335,High
16,0,3,17,989,1,507,Medium
16,3,1,37,1245,4,877,Medium
1,5,1,31,548,3,674,Medium
1,1,3,15,815,0,311,Low
21,5,0,29,912,2,1310,High
22,2,0,23,933,2,382,Low
4,3,1,29,1525,0,796,Medium
0,3,1,38,1668,0,364,Low
0,0,0,17,1889,1,1014,High
18,2,2,36,919,3,289,Low
1,1,3,33,1343,2,654,Medium
20,6,3,27,1967,4,437,Low
11,3,2,26,1415,1,733,Medium
5,3,2,34,933,1,926,Medium
22,0,2,15,1142,4,257,Low
3,4,2,35,556,4,741,Medium
22,1,2,31,1463,4,1221,High
10,5,2,27,1476,0,817,Medium
23,2,3,15,1701,2,601,Medium
16,3,2,24,1816,0,1205,High
5,3,0,29,545,2,1041,High
23,5,2,21,1693,0,1038,High
4,1,2,36,1794,3,718,Medium
19,4,3,32,916,2,396,Low
1,3,3,30,1347,1,245,Low
5,1,2,28,638,2,729,Medium
21,5,3,32,746,2,1199,High
10,0,1,21,1671,2,975,Medium
15,4,3,31,729,3,273,Low
15,2,3,32,1291,0,534,Medium
0,3,3,26,1136,1,832,Medium
8,1,3,22,873,0,887,Medium
5,0,0,36,1603,0,774,Medium
15,2,0,16,1237,4,495,Low
2,6,0,21,1588,3,1307,High
19,1,2,18,587,4,1238,High
3,1,2,32,1611,3,1357,High
18,2,1,20,1212,0,677,Medium
2,0,0,23,1727,0,832,Medium
18,6,2,23,1905,3,518,Medium
19,5,3,28,1100,0,678,Medium
6,0,3,22,1999,0,567,Medium
19,4,0,33,1038,1,566,Medium
8,3,1,17,713,4,577,Medium
0,2,1,32,573,4,662,Medium
7,5,3,19,560,4,212,Low
6,6,1,28,1197,2,735,Medium
17,2,0,18,1742,1,1391,High
7,2,3,21,511,4,469,Low
0,0,2,34,1313,4,1293,High
10,3,2,39,1938,1,575,Medium
17,4,1,26,531,0,1312,High
22,1,3,16,1683,4,456,Low
9,1,3,25,1500,0,416,Low
2,2,2,28,736,4,649,Medium
6,3,3,36,1704,3,1093,High
15,6,3,37,1057,2,1364,High
15,6,3,30,1864,4,1384,High
19,5,1,34,1981,3,231,Low
16,0,3,20,1603,1,1375,High
1,3,0,37,1146,3,1483,High
0,3,1,18,1486,1,809,Medium
15,0,3,29,1319,4,1116,High
11,6,3,38,972,1,741,Medium
4,6,0,39,611,3,347,Low
4,6,1,15,1815,2,855,Medium
22,2,2,21,882,0,266,Low
8,3,2,39,516,0,769,Medium
8,1,1,26,992,2,947,Medium
2,0,3,24,1854,0,642,Medium
18,6,3,19,1425,4,1096,High
15,5,2,26,1929,4,598,Medium
15,6,2,32,616,3,1351,High
2,6,2,24,1379,3,681,Medium
19,4,0,20,614,1,1147,High
23,2,2,26,1313,3,385,Low
21,0,0,21,1143,4,368,Low
23,4,1,32,1859,3,1483,High
0,4,3,16,835,0,706,Medium
23,5,2,24,1421,1,720,Medium
19,3,3,29,646,1,360,Low
10,5,3,26,621,4,539,Medium
16,3,2,31,580,3,1329,High
7,3,2,18,1184,0,903,Medium
3,0,1,21,1161,3,1376,High
5,6,0,23,874,2,1022,High
7,0,0,33,562,3,984,Medium
19,2,3,37,1003,4,1372,High
2,3,2,21,1167,3,1411,High
15,4,1,37,948,1,330,Low
2,6,1,16,1951,0,715,Medium
17,1,1,20,1367,4,1486,High
13,2,1,32,1950,2,735,Medium
17,0,1,20,1944,0,940,Medium
1,5,0,27,1845,0,980,Medium
21,2,0,33,1179,1,1498,High
2,2,0,16,1689,1,787,Medium
15,6,2,26,960,1,925,Medium
8,2,3,29,958,4,1142,High
3,2,1,28,1712,3,1196,High
0,1,2,20,963,0,575,Medium
3,5,1,32,1411,3,1381,High
0,5,0,19,878,3,403,Low
13,5,2,32,1525,1,1188,High
20,3,0,17,863,3,860,Medium
15,4,1,17,571,0,274,Low
19,5,1,36,1950,0,940,Medium
23,2,3,36,1137,2,503,Medium
7,2,1,24,1693,4,1285,High
6,5,0,33,1728,3,769,Medium
2,6,1,17,836,4,985,Medium
16,5,3,26,1995,4,1331,High
0,2,3,30,694,4,1410,High
15,3,0,31,1511,4,1186,High
11,0,2,21,1152,0,428,Low
18,0,1,27,1798,3,1271,High
21,5,3,38,506,2,467,Low
22,1,1,16,1404,4,926,Medium
21,5,1,18,1478,2,1001,High
13,6,2,24,1065,0,453,Low
5,5,3,21,1115,0,1156,High
5,0,1,38,1072,1,1069,High
12,2,3,31,1098,4,286,Low
18,5,0,34,1269,1,1404,High
21,2,0,20,1701,2,1248,High
7,2,1,33,741,3,421,Low
1,1,3,19,1726,1,1189,High
20,2,1,24,1985,0,596,Medium
0,0,3,23,1603,4,1137,High
14,3,3,27,1940,2,710,Medium
0,3,2,33,1265,0,760,Medium
4,4,2,35,883,3,1045,High
15,6,2,38,890,4,639,Medium
18,5,1,20,1395,3,1398,High
3,6,2,18,1187,3,510,Medium
2,0,2,38,1649,4,1497,High
16,2,0,17,546,4,234,Low
16,3,3,17,1999,3,416,Low
11,6,3,18,1118,2,920,Medium
13,0,2,39,963,4,1215,High
20,3,3,19,622,0,718,Medium
5,2,0,22,1997,1,468,Low
2,6,0,30,633,2,837,Medium
8,3,2,36,1340,4,674,Medium
4,5,0,17,1348,4,289,Low
23,5,3,38,1106,2,1265,High
16,4,1,26,522,1,1425,High
13,4,3,39,1065,3,1181,High
20,3,1,22,1265,0,487,Low
2,0,2,27,1464,4,680,Medium
0,5,1,18,734,1,836,Medium
19,0,0,28,1495,0,700,Medium
20,0,3,28,1582,2,251,Low
22,3,1,27,1687,4,302,Low
0,0,3,20,1325,3,898,Medium
2,5,2,31,715,2,1428,High
17,2,2,18,1706,4,1237,High
9,4,0,22,1156,1,669,Medium
21,2,2,31,1434,0,626,Medium
2,0,1,17,1613,0,309,Low
7,2,2,31,810,4,714,Medium
13,5,0,23,1056,2,267,Low
23,5,3,16,1471,3,1469,High
17,0,3,39,756,1,588,Medium
14,3,2,27,1032,4,507,Medium
21,2,1,34,551,1,1289,High
22,3,0,16,1861,0,659,Medium
1,3,1,34,1694,3,546,Medium
9,1,0,25,1590,1,524,Medium
1,0,2,36,799,4,866,Medium
16,4,0,29,1171,3,1256,High
7,5,0,25,1277,2,267,Low
0,5,2,37,1331,4,386,Low
8,0,1,17,731,1,391,Low
10,6,2,17,1474,3,1436,High
21,6,0,26,1591,4,627,Medium
15,6,2,38,527,3,1331,High
6,4,0,19,1574,3,1463,High
9,5,2,34,1783,3,415,Low
22,0,3,21,1090,1,376,Low
2,5,3,21,1284,4,760,Medium
17,3,2,27,1119,0,1080,High
23,2,1,23,1085,0,825,Medium
12,2,0,39,1501,1,806,Medium
6,5,3,35,683,1,378,Low
3,1,1,27,1546,3,594,Medium
12,4,0,26,628,4,1368,High
19,6,3,27,790,4,1075,High
0,4,3,38,1000,2,1161,High
7,4,2,24,685,2,397,Low
13,3,0,15,978,0,1168,High
15,4,1,39,991,2,1307,High
13,2,1,22,1012,2,868,Medium
11,3,1,36,1590,0,1308,High
18,0,0,30,966,0,656,Medium
22,4,1,27,784,2,1476,High
14,4,1,17,1100,4,271,Low
1,0,1,17,1940,2,422,Low
1,4,2,38,1623,3,475,Low
22,0,2,19,688,3,1469,High
21,3,0,25,1488,3,772,Medium
18,2,0,21,1389,1,1123,High
21,0,1,35,887,3,670,Medium
21,1,2,38,740,4,653,Medium
16,0,3,24,916,1,1168,High
19,4,3,24,675,1,206,Low
9,6,1,34,886,3,387,Low
5,6,1,16,1994,2,203,Low
14,3,2,17,1352,0,1106,High
21,5,2,22,1756,2,1348,High
10,3,2,25,1162,2,1238,High
4,5,0,27,951,1,1159,High
0,6,0,21,776,1,724,Medium
7,6,1,27,1752,1,829,Medium
20,0,0,16,1694,4,1463,High
11,2,2,20,712,4,974,Medium
11,1,2,23,1805,0,559,Medium
4,3,0,34,540,1,717,Medium
6,4,3,39,1645,3,1454,High
3,5,1,16,1750,1,1253,High
5,4,3,32,793,4,1120,High
12,2,1,30,1099,1,1379,High
19,5,3,39,1790,4,1051,High
14,3,0,26,1040,1,1134,High
2,0,1,21,950,3,1100,High
22,4,1,21,1972,0,598,Medium
7,2,1,31,1584,3,1418,High
19,3,2,27,1670,4,367,Low
15,6,2,25,1289,2,576,Medium
12,6,3,20,833,3,1467,High
17,3,0,37,1390,1,806,Medium
9,3,2,28,1665,0,1210,High
18,3,1,20,543,1,788,Medium
16,5,2,20,643,1,1394,High
23,3,0,16,832,3,1430,High
18,4,2,36,1497,0,1377,High
22,2,1,34,1919,2,247,Low
4,5,3,39,554,1,1224,High
20,3,1,29,1830,0,1330,High
22,1,0,31,1369,2,372,Low
8,1,3,22,1946,1,705,Medium
11,2,2,19,1940,0,1353,High
20,6,2,31,1296,3,597,Medium
0,0,2,34,824,1,493,Low
0,0,3,15,579,1,751,Medium
14,6,1,36,1554,0,1049,High
1,5,3,32,1484,1,1239,High
21,5,3,29,1635,2,1084,High
15,5,0,19,1057,1,1203,High
7,0,3,21,1364,4,1426,High
12,1,2,32,1216,2,333,Low
20,0,1,20,971,0,970,Medium
0,4,1,36,573,2,707,Medium
15,3,1,35,1088,4,1289,High
6,5,2,19,1910,4,679,Medium
4,1,2,33,1063,1,1062,High
21,2,2,24,1956,1,658,Medium
22,2,2,29,1935,3,825,Medium
2,3,2,24,966,2,358,Low
11,1,3,30,1098,3,360,Low
15,0,2,26,1491,4,1477,High
18,0,2,32,1236,1,1139,High
4,4,2,37,1493,1,354,Low
21,4,2,15,747,1,685,Medium
13,0,1,30,1643,0,631,Medium
4,2,2,36,566,4,1250,High
14,5,3,20,1072,1,1203,High
16,2,3,17,1850,4,1235,High
13,4,3,16,1202,1,266,Low
19,3,0,16,969,2,741,Medium
4,0,1,27,992,4,295,Low
11,4,2,23,1162,3,414,Low
15,4,0,30,785,0,393,Low
15,5,2,19,811,3,1084,High
20,0,0,37,808,4,238,Low
6,5,0,35,1274,1,1138,High
3,0,3,21,1620,4,1138,High
0,5,3,27,1464,0,405,Low
4,2,0,34,1636,4,1141,High
22,3,3,38,955,1,754,Medium
9,3,0,27,1986,3,683,Medium
21,0,1,21,631,2,970,Medium
4,1,3,24,1429,3,448,Low
3,6,3,29,1464,1,1297,High
1,4,3,35,1428,1,572,Medium
19,4,1,20,620,0,1078,High
9,0,0,19,1720,4,1034,High
18,5,2,37,1133,4,1070,High
0,1,3,16,1396,3,901,Medium
23,2,0,35,1271,2,337,Low
4,5,1,29,1562,2,1147,High
12,5,2,30,1065,0,656,Medium
3,0,3,33,1011,1,1013,High
15,0,1,23,1997,0,1022,High
23,4,1,36,1684,4,1141,High
15,0,2,33,788,1,643,Medium
22,0,0,21,699,0,552,Medium
1,0,3,18,1027,3,1195,High
16,4,3,17,1416,4,993,Medium
19,2,0,38,1771,2,610,Medium
23,2,0,34,1906,0,877,Medium
11,6,0,25,1741,4,652,Medium
17,6,2,15,1610,4,618,Medium
2,0,2,20,1605,2,649,Medium
0,6,3,25,1585,2,1194,High
0,4,2,15,1298,2,1338,High
18,2,1,35,1565,0,250,Low
10,5,3,21,511,2,409,Low
4,2,2,20,1332,3,1087,High
11,2,0,28,1340,4,1197,High
2,4,1,16,1142,2,1192,High
0,6,0,18,1638,4,1049,High
0,5,3,25,1741,1,826,Medium
7,4,0,29,605,1,878,Medium
9,0,2,32,1190,2,976,Medium
10,3,2,15,1027,4,1450,High
11,2,3,17,1995,1,862,Medium
12,3,0,17,1345,2,467,Low
11,4,3,21,1392,4,315,Low
13,4,0,15,886,2,953,Medium
1,4,1,39,1749,4,1263,High
18,3,2,25,980,1,381,Low
17,4,3,20,907,2,1432,High
2,0,1,34,1980,1,1102,High
22,4,1,17,1397,2,1496,High
16,1,3,33,1210,0,1342,High
7,6,3,16,1138,1,1145,High
9,3,1,32,1544,1,457,Low
1,1,0,26,1314,3,708,Medium
18,4,1,24,1417,1,291,Low
8,0,3,19,702,4,1384,High
6,2,1,23,916,2,348,Low
3,5,0,16,915,0,316,Low
20,6,2,16,1971,4,657,Medium
17,5,2,20,584,4,764,Medium
12,4,1,24,666,4,1013,High
10,6,0,32,883,4,244,Low
23,6,2,26,967,0,973,Medium
3,0,1,18,1595,3,433,Low
20,6,1,36,1309,1,396,Low
3,3,0,35,1496,4,224,Low
9,1,3,31,972,1,594,Medium
4,1,1,29,1492,1,913,Medium
8,1,3,20,1781,4,1259,High
23,3,3,30,774,3,422,Low
2,5,2,31,1543,1,1063,High
16,0,3,17,989,2,729,Medium
2,6,0,24,825,1,1411,High
15,3,2,19,1028,4,456,Low
3,1,2,28,1391,0,853,Medium
17,4,2,35,588,1,1359,High
16,2,1,27,985,3,790,Medium
6,6,1,20,1207,2,643,Medium
23,3,3,26,849,2,617,Medium
22,3,2,22,1607,0,773,Medium
4,0,2,19,886,0,328,Low
11,0,0,29,586,1,1210,High
16,3,3,30,806,4,540,Medium
22,1,0,15,1677,3,1009,High
12,2,3,30,939,2,1480,High
22,6,3,19,1239,0,1191,High
2,0,1,17,763,3,299,Low
8,6,1,34,1476,4,238,Low
16,1,0,29,1234,2,462,Low
16,6,3,27,920,2,349,Low
19,4,2,38,992,4,889,Medium
15,0,1,30,1132,2,1012,High
21,1,2,37,1492,4,1343,High
12,1,0,25,910,2,418,Low
18,2,1,35,672,1,1105,High
16,2,1,16,503,4,1346,High
3,4,3,36,1353,3,443,Low
11,1,0,20,1485,1,1085,High
8,5,3,20,1995,3,786,Medium
18,1,1,28,1633,2,717,Medium
11,2,0,39,1560,3,1244,High
8,5,1,25,1082,1,389,Low
6,0,0,22,1554,4,1448,High
13,0,1,22,880,0,1114,High
19,6,2,15,1791,3,814,Medium
18,3,2,35,1534,0,1055,High
14,2,3,21,843,3,665,Medium
15,3,2,20,665,3,298,Low
20,5,1,35,1199,4,1029,High
4,2,1,22,841,2,1196,High
2,4,2,33,1542,1,1306,High
11,1,3,36,1479,1,255,Low
19,4,2,35,1707,1,1245,High
20,5,0,38,1044,2,779,Medium
3,2,0,34,1533,0,384,Low
20,5,0,22,691,1,721,Medium
22,1,2,28,819,0,463,Low
15,0,2,32,1079,2,1448,High
6,0,2,39,974,2,1261,High
12,5,0,30,1136,4,1202,High
20,3,3,23,926,1,322,Low
9,2,1,29,1582,4,1379,High
6,2,2,24,1959,1,500,Medium
13,0,3,36,596,2,1032,High
4,6,1,30,995,2,1290,High
2,4,1,18,1160,3,844,Medium
22,6,1,34,1801,3,1073,High
10,1,3,27,1788,2,593,Medium
10,4,3,36,508,2,860,Medium
17,4,0,19,956,0,1354,High
14,5,3,36,772,0,268,Low
11,0,3,21,1439,4,961,Medium
8,6,3,37,1531,3,519,Medium
9,6,1,23,707,3,376,Low
11,0,2,22,1646,2,783,Medium
16,6,0,30,1556,2,1383,High
5,0,2,20,703,4,781,Medium
6,5,2,30,1017,3,1358,High
13,3,3,20,1016,0,310,Low
12,4,0,28,942,1,1198,High
7,5,2,35,1188,4,957,Medium
9,2,2,15,1349,1,482,Low
8,1,0,39,1332,0,393,Low
17,3,3,23,838,0,1166,High
1,2,2,39,1961,1,1270,High
4,4,1,38,1968,4,1177,High
4,6,2,27,1659,1,541,Medium
5,0,1,33,886,4,1465,High
18,4,3,31,1548,4,721,Medium
7,5,2,25,1005,2,1000,High
15,1,0,22,1848,3,1102,High
12,5,0,37,1179,3,330,Low
0,3,2,19,1861,0,1493,High
21,3,3,24,1189,2,1013,High
19,1,3,21,1384,3,260,Low
16,2,0,24,1618,4,363,Low
6,2,2,18,1122,4,471,Low
12,3,3,23,1669,1,332,Low
3,3,0,28,1392,1,1467,High
3,6,1,16,1452,4,1197,High
5,0,2,39,1754,4,237,Low
18,6,1,23,1283,1,816,Medium
11,6,1,35,994,3,673,Medium
21,2,3,15,1561,0,258,Low
6,1,3,37,1948,1,788,Medium
9,2,3,24,1246,3,698,Medium
18,0,2,24,936,3,1441,High
6,5,1,34,1891,3,766,Medium
2,3,2,39,844,2,766,Medium
12,3,3,36,1683,2,1352,High
12,0,1,17,1049,3,1103,High
17,6,2,20,1319,4,582,Medium
19,1,2,20,1040,2,284,Low
7,3,0,35,643,1,826,Medium
8,4,2,16,1087,2,1025,High
6,6,3,32,1156,4,492,Low
0,3,2,37,844,0,1272,High
2,4,1,16,1792,2,1290,High
12,0,2,26,1195,3,986,Medium
16,0,0,36,767,3,328,Low
23,6,1,19,668,3,228,Low
0,3,1,34,532,0,1342,High
5,2,0,21,876,4,891,Medium
20,4,3,38,1737,1,332,Low
5,1,1,30,1963,4,1408,High
11,3,3,34,892,0,845,Medium
12,1,1,15,988,3,888,Medium
12,3,1,15,1221,4,733,Medium
14,2,3,31,1445,1,1464,High
20,2,1,15,1552,3,715,Medium
15,6,3,35,538,1,1159,High
21,6,0,34,1696,2,364,Low
20,2,3,27,1540,1,1126,High
10,5,0,23,1579,3,1132,High
4,2,1,29,725,2,756,Medium
3,0,3,17,566,3,1441,High
2,0,1,28,1720,3,879,Medium
18,5,3,37,1334,2,1192,High
19,4,0,25,1546,1,1228,High
17,1,0,38,1498,0,956,Medium
14,3,3,36,736,0,1304,High
8,3,0,26,1456,0,1470,High
16,5,1,27,1418,0,1054,High
13,0,1,27,1661,4,692,Medium
14,6,2,15,972,0,848,Medium
0,3,0,38,1052,2,1191,High
20,0,1,24,1194,0,827,Medium
21,4,3,17,1752,3,824,Medium
21,1,0,38,816,0,742,Medium
2,4,1,18,1097,1,206,Low
15,5,0,30,1267,2,1153,High
22,2,3,22,1385,2,714,Medium
10,2,1,30,1060,4,954,Medium
11,2,2,31,1724,3,272,Low
9,4,2,33,757,2,209,Low
15,3,0,36,1701,1,761,Medium
7,1,3,29,1256,0,321,Low
5,2,1,30,622,2,886,Medium
11,5,3,29,841,1,712,Medium
23,5,1,39,1694,0,1189,High
20,2,0,16,1582,4,640,Medium
7,2,1,25,1988,2,1261,High
3,1,3,15,759,2,901,Medium
7,2,3,29,1896,1,790,Medium
17,1,0,33,594,3,1407,High
4,5,3,18,1648,4,266,Low
8,2,1,25,540,3,216,Low
3,4,0,19,753,2,567,Medium
21,6,1,17,506,3,1103,High
16,4,3,27,1994,0,920,Medium
8,5,0,24,1227,4,1157,High
0,1,1,25,568,3,1107,High
20,4,3,32,1604,0,1188,High
19,1,3,16,1041,1,672,Medium
12,4,2,21,1785,3,314,Low
15,4,3,23,588,4,299,Low
12,1,1,24,1731,0,637,Medium
13,3,0,32,712,3,548,Medium
2,4,2,37,1333,1,338,Low
5,2,3,21,765,3,1027,High
17,6,3,21,1411,0,523,Medium
18,5,3,17,792,3,1045,High
4,3,1,26,1730,4,493,Low
14,1,2,21,832,2,1167,High
1,3,1,31,1600,0,273,Low
9,0,2,15,1811,0,683,Medium
23,0,0,19,1504,0,215,Low
17,4,1,30,546,0,992,Medium
12,4,1,29,1121,3,715,Medium
4,2,0,16,1723,4,1124,High
22,6,2,23,926,1,1350,High
23,5,3,21,709,4,1023,High
0,3,0,18,1387,0,717,Medium
21,0,3,34,1943,3,328,Low
0,4,3,32,653,3,710,Medium
17,5,0,35,914,0,622,Medium
14,3,2,18,1876,3,584,Medium
16,4,3,27,1680,0,431,Low
10,4,0,15,1784,4,1158,High
20,0,1,38,1600,2,1024,High
21,0,1,17,1268,3,1418,High
16,4,1,30,1482,0,264,Low
12,1,0,36,1654,0,1032,High
0,4,1,18,1078,3,814,Medium
1,5,3,39,1978,1,1447,High
8,4,1,37,1239,0,1000,High
2,2,1,39,662,3,477,Low
0,6,3,30,1538,0,565,Medium
20,2,1,33,1755,1,715,Medium
15,2,3,15,694,2,1438,High
22,1,1,19,1041,1,638,Medium
5,1,3,33,858,4,627,Medium
16,4,1,36,1349,3,928,Medium
4,2,3,38,1854,1,595,Medium
4,1,0,25,926,2,1432,High
5,0,3,27,996,0,785,Medium
2,4,1,34,1327,3,1450,High
20,5,1,19,985,1,574,Medium
22,6,2,35,1972,2,1147,High
4,3,3,18,1936,1,292,Low
20,4,0,18,829,4,520,Medium
4,3,3,18,1388,3,1233,High
9,2,3,18,1490,0,1113,High
9,6,0,34,1670,2,1116,High
18,3,3,35,758,1,294,Low
16,2,0,32,791,3,1158,High
20,0,0,32,642,1,1330,High
13,3,3,30,1246,3,270,Low
8,6,3,23,1126,4,863,Medium
13,4,1,32,1888,1,1168,High
0,2,1,36,589,4,786,Medium
18,4,2,16,1219,2,926,Medium
12,6,2,35,1687,4,567,Medium
12,1,3,18,980,3,250,Low
3,2,0,26,583,2,1366,High
0,3,2,21,1600,1,1187,High
16,2,3,29,1172,1,1390,High
7,4,2,21,1016,3,459,Low
1,0,0,36,984,0,1415,High
7,2,3,35,1281,0,1425,High
6,3,0,31,603,1,1408,High
1,1,3,30,1975,3,357,Low
21,5,2,33,838,0,298,Low
21,0,1,23,1186,4,440,Low
2,1,2,28,1399,1,401,Low
17,2,2,31,1106,4,833,Medium
11,4,1,19,722,3,1319,High
0,6,1,16,1532,4,945,Medium
21,4,3,34,1576,0,689,Medium
11,3,3,30,1600,0,778,Medium
4,4,0,28,1002,2,1441,High
16,0,0,28,1839,1,726,Medium
15,4,2,15,1321,3,472,Low
14,3,1,17,1123,1,1442,High
22,5,0,21,664,4,985,Medium
14,2,2,29,1802,3,652,Medium
4,6,1,33,1550,3,1375,High
20,2,3,34,1593,0,546,Medium
13,4,2,16,1741,4,1015,High
1,1,3,33,1888,0,613,Medium
10,2,0,23,1829,0,630,Medium
18,5,0,33,1647,2,578,Medium
6,4,1,19,518,0,1197,High
5,6,2,32,1780,1,1094,High
1,3,3,30,1819,3,627,Medium
5,5,1,18,1545,0,1307,High
17,4,0,26,1488,1,391,Low
1,5,0,21,949,4,240,Low
17,2,2,28,1051,3,335,Low
14,6,3,37,1571,4,305,Low
18,3,2,26,1194,1,718,Medium
1,4,3,17,1086,4,1013,High
19,0,3,19,1220,4,325,Low
5,3,2,31,1706,4,599,Medium
0,0,1,24,1958,0,278,Low
23,5,2,24,606,0,588,Medium
14,1,2,25,1711,0,273,Low
22,3,0,31,1275,3,1228,High
9,5,0,19,1609,1,281,Low
18,0,2,27,1979,0,975,Medium
16,2,2,24,1660,4,1190,High
4,2,0,23,1397,4,477,Low
3,1,3,31,835,4,1039,High
9,3,2,15,1106,4,423,Low
23,3,1,18,1337,2,1291,High
16,3,1,18,1992,3,805,Medium
9,5,1,32,1101,1,218,Low
16,6,2,23,902,1,839,Medium
19,6,3,39,1039,0,296,Low
23,1,3,32,1595,2,1275,High
4,3,0,28,523,1,374,Low
1,5,2,39,1123,3,1338,High
5,2,3,29,1579,4,547,Medium
20,0,2,20,1485,0,200,Low
1,5,0,38,722,3,262,Low
12,6,0,24,678,1,425,Low
10,6,0,29,1299,2,622,Medium
10,2,1,18,933,0,1242,High
15,2,2,32,1973,1,230,Low
10,0,0,32,1292,0,1044,High
18,2,2,39,1383,1,832,Medium
14,1,1,31,991,4,223,Low
22,0,1,26,1712,2,1036,High
22,2,0,21,1309,4,1182,High
15,4,0,30,1460,1,1434,High
10,5,3,25,919,3,360,Low
21,2,2,28,1772,4,1478,High
15,1,0,17,1148,3,313,Low
7,3,3,33,1687,1,703,Medium
3,2,2,32,1778,2,1154,High
7,6,0,24,975,3,1443,High
3,6,3,20,1940,1,556,Medium
23,6,3,27,669,3,368,Low
2,3,2,24,1840,4,1168,High
2,6,3,32,673,1,441,Low
17,4,2,34,969,4,338,Low
18,2,2,30,844,0,296,Low
18,6,2,39,944,1,346,Low
20,0,1,39,1541,3,1405,High
4,3,3,20,1593,0,1280,High
17,4,2,27,1861,4,1265,High
9,0,0,18,1127,4,1065,High
21,0,1,37,1091,3,742,Medium
20,0,1,28,1026,0,891,Medium
5,0,3,15,955,2,1225,High
0,2,2,34,1792,3,1361,High
4,6,3,19,1310,4,1103,High
8,5,1,22,687,1,929,Medium
11,2,2,26,1520,0,1445,High
13,2,0,16,1210,2,530,Medium
1,4,2,26,1028,1,816,Medium
16,4,1,19,933,0,603,Medium
13,6,0,36,787,3,707,Medium
12,5,2,19,998,3,1350,High
8,4,0,27,1964,0,1488,High
14,6,0,23,802,2,1238,High
21,6,1,24,586,0,425,Low
14,1,0,15,1329,1,1183,High
23,5,3,17,937,1,1064,High
10,4,1,32,1040,3,1328,High
15,5,3,26,1545,0,944,Medium
16,2,0,17,1332,3,692,Medium
3,2,3,39,1296,2,518,Medium
0,5,2,23,1059,1,1442,High
7,1,0,16,1261,4,972,Medium
16,1,2,17,966,4,651,Medium
2,5,3,28,1624,0,1143,High
19,4,2,18,1174,0,1047,High
14,3,0,39,1184,4,1216,High
14,1,2,33,1664,0,1413,High
23,0,3,27,637,1,1083,High
21,2,3,21,1077,2,618,Medium
13,5,3,26,1209,2,1064,High
22,0,0,17,727,3,988,Medium
13,5,3,37,780,1,694,Medium
23,6,0,37,1183,0,1262,High
1,2,2,23,1327,0,361,Low
12,2,3,16,930,3,320,Low
13,1,2,36,1563,3,598,Medium
23,1,1,23,1734,0,1485,High
18,0,2,26,801,0,927,Medium
6,6,1,26,1609,1,760,Medium
2,5,2,29,1920,3,803,Medium
14,6,0,16,1776,1,1352,High
22,2,2,32,1032,0,739,Medium
13,0,0,27,1268,4,555,Medium
10,3,0,28,1904,4,859,Medium
14,0,3,19,943,0,631,Medium
12,4,0,24,1556,3,1288,High
17,0,1,26,759,4,1441,High
5,6,3,24,1757,3,762,Medium
2,4,3,38,1831,4,1016,High
18,4,2,25,1238,3,1297,High
14,4,0,39,1295,4,910,Medium
22,3,0,16,569,3,1415,High
4,0,1,19,1977,1,1412,High
9,6,2,21,1962,3,211,Low
6,0,2,20,1887,1,438,Low
16,3,3,36,1482,1,652,Medium
6,2,3,37,980,0,582,Medium
21,1,3,17,1667,1,981,Medium
11,6,1,27,523,2,247,Low
16,6,1,17,1464,1,516,Medium
12,0,3,39,1948,3,408,Low
19,1,2,38,1245,1,1342,High
3,5,1,35,1344,3,776,Medium
9,5,2,20,1698,3,514,Medium
2,3,2,25,824,2,953,Medium
8,5,0,31,1871,1,1259,High
12,6,3,24,1297,1,1114,High
17,5,0,26,517,4,954,Medium
14,2,3,31,543,4,753,Medium
3,2,3,18,654,0,602,Medium
14,2,2,16,1366,3,1330,High
21,5,3,25,1421,2,238,Low
1,3,2,21,1900,4,780,Medium
14,4,2,16,1242,1,379,Low
7,4,3,32,1925,0,211,Low
7,1,2,35,724,2,1142,High
16,4,2,18,716,1,747,Medium
11,4,2,22,530,1,1349,High
18,2,1,34,1582,3,262,Low
9,2,2,28,1397,3,1043,High
8,5,1,26,1876,4,1305,High
4,1,1,36,1434,4,1208,High
5,0,2,35,944,1,233,Low
19,6,2,32,1758,1,951,Medium
1,1,1,25,1630,4,248,Low
23,1,1,22,1714,4,857,Medium
12,3,2,16,1029,1,900,Medium
5,5,2,39,1237,2,1280,High
4,3,3,29,1373,1,308,Low
0,1,1,23,1065,2,1184,High
20,1,1,33,1768,2,223,Low
21,1,3,34,575,1,420,Low
20,4,1,22,1046,0,514,Medium
5,6,0,39,766,4,493,Low
5,6,1,33,816,3,1233,High
22,3,3,19,1644,1,1219,High
15,1,0,25,524,2,1217,High
3,6,2,29,1955,1,837,Medium
10,2,3,22,659,4,466,Low
23,6,3,33,1095,2,287,Low
22,5,2,37,1637,3,654,Medium
8,5,3,22,1399,3,1371,High
22,6,1,33,1001,3,956,Medium
2,2,2,32,1689,0,630,Medium
18,5,3,24,1512,2,1110,High
7,4,2,21,1202,2,441,Low
4,6,2,23,1698,0,901,Medium
3,4,2,15,500,2,1101,High
23,6,0,33,1240,0,940,Medium
5,0,3,19,1609,1,265,Low
1,0,0,33,819,4,1171,High
19,0,3,15,1924,3,577,Medium
10,5,1,29,881,0,587,Medium
3,4,1,30,1841,0,980,Medium
14,4,1,37,1773,0,408,Low
5,4,3,21,1397,1,215,Low
21,2,2,26,1216,0,1185,High
16,4,2,22,1779,4,1443,High
23,2,0,19,806,4,566,Medium
5,0,0,24,1667,3,979,Medium
18,0,1,35,890,1,1452,High
1,5,0,19,1692,4,639,Medium
14,6,3,31,1489,2,889,Medium
10,0,3,19,797,2,1259,High
7,6,0,36,732,2,1046,High
18,6,0,29,770,0,621,Medium
12,5,0,27,1583,0,1412,High
11,1,0,15,1819,2,1401,High
4,1,1,25,1990,3,807,Medium
5,3,1,37,1758,3,219,Low
21,5,0,15,1176,0,875,Medium
3,3,3,25,1205,2,581,Medium
18,3,1,32,733,3,808,Medium
19,1,3,32,1891,0,342,Low
0,5,2,35,1344,2,261,Low
19,1,3,30,1755,1,1465,High
16,3,0,27,990,2,437,Low
11,5,2,21,1002,2,1354,High
14,3,1,15,1389,4,1346,High
0,4,1,30,1091,4,1126,High
13,6,2,15,1245,1,541,Medium
5,5,3,31,1904,1,654,Medium
4,5,1,20,927,2,1421,High
10,6,0,16,1196,3,481,Low
3,3,2,31,1145,1,1085,High
12,4,0,20,1231,2,1224,High
10,2,2,28,1299,0,922,Medium
2,6,1,32,863,4,1435,High
0,1,3,20,701,3,286,Low
5,3,2,24,1381,2,864,Medium
17,6,2,38,645,0,1061,High
23,6,0,32,1335,4,260,Low
9,5,1,23,1138,0,996,Medium
4,1,0,22,1980,2,294,Low
22,1,1,24,634,1,985,Medium
9,1,0,31,1125,4,1370,High
11,6,2,37,1787,0,1469,High
1,2,0,20,563,1,1160,High
12,0,3,28,990,3,496,Low
7,3,1,36,540,2,1346,High
1,0,1,36,1819,2,893,Medium
19,6,2,20,1526,4,598,Medium
0,0,1,21,1412,0,1145,High
4,6,3,26,1474,3,1454,High
8,0,0,17,1633,4,733,Medium
16,1,2,28,1744,4,601,Medium
8,4,3,36,1893,0,329,Low
10,1,1,33,867,3,491,Low
14,1,1,37,1959,0,475,Low
23,5,3,30,1417,2,1111,High
5,5,0,21,1527,1,1125,High
22,0,0,22,743,2,254,Low
2,6,2,32,1401,2,938,Medium
16,1,1,39,665,4,1249,High
4,0,3,27,1549,2,964,Medium
11,5,0,35,1918,3,1420,High
17,4,2,23,1997,2,841,Medium
13,3,1,24,1540,3,1466,High
20,0,1,35,1227,0,923,Medium
23,4,2,37,1615,4,1413,High
10,3,2,23,982,3,1001,High
8,2,0,29,1042,2,937,Medium
1,0,3,34,1728,4,957,Medium
11,0,1,16,1430,4,766,Medium
2,2,3,39,899,3,1499,High
2,2,1,27,1730,3,539,Medium
0,0,1,16,1118,1,352,Low
7,2,3,33,1669,1,1203,High
21,1,2,16,1378,4,626,Medium
7,3,0,17,600,1,1202,High
10,3,1,20,1379,2,403,Low
8,3,2,17,1329,0,1335,High
4,1,1,24,1764,4,524,Medium
13,6,0,38,1258,0,1481,High
2,2,1,20,662,1,1149,High
20,4,0,37,1696,3,1150,High
4,2,0,30,1001,4,1138,High
4,0,1,31,1046,1,1156,High
18,5,1,33,1807,2,1093,High
13,3,0,17,1882,4,634,Medium
3,2,2,32,880,4,570,Medium
12,4,3,21,1369,3,1132,High
9,0,0,23,1404,4,448,Low
17,1,1,34,1686,3,1090,High
7,6,1,26,1501,1,380,Low
7,1,2,19,1108,2,902,Medium
6,4,3,17,806,2,1198,High
7,0,0,25,1862,4,277,Low
13,3,0,39,554,4,1118,High
18,2,3,18,1482,1,1084,High
5,0,0,19,832,3,535,Medium
0,6,3,15,626,2,249,Low
22,1,1,32,1204,3,284,Low
14,6,3,26,742,1,894,Medium
0,6,0,27,1099,2,203,Low
16,4,3,23,1932,2,1192,High
0,4,2,16,1002,0,516,Medium
14,2,1,19,1103,1,1334,High
22,4,1,27,802,1,962,Medium
1,4,3,30,1987,0,1356,High
13,0,0,30,734,3,811,Medium
20,3,2,38,1561,0,1204,High
7,2,1,17,638,1,1113,High
7,0,1,36,694,3,998,Medium
18,3,0,18,1146,2,318,Low
6,6,0,25,500,0,549,Medium
18,0,2,37,1060,3,1116,High
5,5,3,28,1619,3,886,Medium
5,0,0,17,1212,3,741,Medium
2,4,3,30,912,0,1278,High
6,3,2,36,1037,2,560,Medium
18,2,3,29,928,3,907,Medium
7,2,1,24,734,0,884,Medium
9,3,3,23,848,1,529,Medium
19,4,2,25,895,0,418,Low
14,1,2,30,1874,0,407,Low
14,0,2,24,915,0,1044,High
0,4,3,31,1415,3,284,Low
19,5,1,33,1574,0,884,Medium
6,6,0,16,580,1,444,Low
3,3,1,38,535,3,1071,High
5,0,3,37,1590,1,1222,High
0,2,3,16,1140,4,1435,High
4,6,0,20,1381,0,795,Medium
22,1,3,33,1256,3,884,Medium
0,5,2,22,1122,3,1406,High
3,2,2,17,967,0,1356,High
21,3,2,28,1665,2,1213,High
1,0,2,39,855,2,1213,High
9,3,2,30,1208,1,549,Medium
4,6,3,15,1994,0,481,Low
9,0,0,35,1519,0,492,Low
0,4,0,17,1401,4,1492,High
21,1,2,36,1172,2,1420,High
5,4,3,32,938,2,1183,High
12,4,1,23,1030,0,219,Low
14,3,1,20,626,1,958,Medium
3,6,3,37,704,0,604,Medium
12,1,2,35,528,1,1338,High
23,0,0,39,944,2,900,Medium
19,0,3,15,1465,4,1179,High
23,5,1,35,963,3,225,Low
14,2,1,24,1803,2,765,Medium
7,5,1,20,650,1,594,Medium
4,5,2,37,739,0,1200,High
14,0,1,26,765,2,722,Medium
3,3,3,18,1628,4,1061,High
11,4,3,27,1956,1,1306,High
12,6,1,31,1412,0,1001,High
1,4,3,22,996,3,749,Medium
18,4,1,34,1963,1,286,Low
18,1,1,17,1184,0,1032,High
3,0,0,26,657,3,586,Medium
3,6,2,21,671,0,1162,High
10,3,2,26,993,3,867,Medium
4,1,0,16,1469,3,485,Low
19,2,0,38,1834,3,897,Medium
10,3,2,28,1926,0,1164,High
9,5,1,36,1175,3,568,Medium
7,3,1,37,1158,1,854,Medium
5,3,2,19,1402,4,853,Medium
5,4,1,23,1165,4,896,Medium
7,3,0,35,1986,3,1223,High
22,5,1,25,866,4,1114,High
14,5,1,19,1049,4,487,Low
13,0,3,17,1142,3,294,Low
10,3,3,31,754,3,868,Medium
11,4,3,16,707,1,240,Low
12,3,1,38,949,2,530,Medium
7,2,2,15,594,0,1378,High
17,2,0,21,1338,3,703,Medium
0,4,1,28,977,3,474,Low
14,0,2,19,1182,4,378,Low
7,0,1,33,1261,1,336,Low
10,5,0,25,689,4,966,Medium
11,5,1,37,1210,3,1187,High
11,1,0,39,1255,3,1403,High
3,4,1,16,1946,4,1405,High
15,3,0,22,1335,3,1482,High
3,6,1,23,632,2,442,Low
4,4,0,17,554,0,1319,High
23,1,3,16,1009,0,396,Low
4,5,1,21,1169,0,725,Medium
7,4,1,19,909,2,831,Medium
9,4,2,35,1734,3,607,Medium
16,5,2,19,1816,4,1492,High
8,1,0,34,1486,1,1394,High
21,5,1,27,1233,3,890,Medium
18,0,0,35,1638,2,369,Low
13,3,3,34,758,2,358,Low
7,5,2,20,1645,0,646,Medium
8,1,0,34,798,3,1217,High
21,2,0,32,1904,0,1305,High
10,0,2,39,1060,1,1280,High
22,2,1,16,796,0,311,Low
0,6,0,39,861,1,247,Low
13,5,2,20,1088,2,575,Medium
4,0,1,23,1986,0,1027,High
20,3,3,39,1961,0,232,Low
13,5,2,17,626,4,703,Medium
3,3,0,15,696,2,826,Medium
21,4,3,15,720,4,1226,High
22,2,1,33,1494,1,241,Low
0,0,1,19,590,1,208,Low
21,3,2,27,910,2,1199,High
22,1,2,33,507,1,1018,High
18,3,2,26,1043,2,856,Medium
7,1,1,30,967,1,1365,High
14,5,3,39,819,3,989,Medium
20,0,1,39,1917,0,1250,High
14,3,0,33,768,3,1266,High
8,6,1,17,1714,2,1354,High
20,3,0,26,560,2,1439,High
8,6,3,19,1961,3,797,Medium
9,0,2,16,1787,0,1135,High
19,3,2,36,1296,0,1469,High
20,1,1,21,1618,4,1211,High
8,3,2,27,1052,1,220,Low
2,2,3,39,1425,4,1198,High
19,5,2,29,1993,0,656,Medium
10,4,1,36,1160,3,1213,High
5,1,3,17,1215,1,464,Low
1,2,0,35,1278,3,383,Low
6,6,1,34,693,4,426,Low
17,5,0,19,981,2,1469,High
1,0,3,38,1859,3,1296,High
16,1,1,22,1958,4,1373,High
10,4,1,36,1719,4,1292,High
11,5,3,15,1354,4,1168,High
18,6,2,22,1772,2,1004,High
21,4,1,38,997,2,1453,High
23,0,1,32,711,2,922,Medium
6,0,0,34,1164,1,1295,High
19,6,2,30,1169,2,1201,High
5,1,0,32,1989,2,1074,High
20,6,0,34,720,2,283,Low
23,3,2,26,772,3,939,Medium
0,0,2,27,1677,2,422,Low
16,5,3,27,1772,1,992,Medium
10,3,2,24,778,4,932,Medium
21,2,1,21,1963,3,1439,High
17,4,2,39,1315,0,1454,High
20,3,3,28,775,2,604,Medium
16,4,3,38,1504,4,1392,High
6,6,3,30,1013,4,528,Medium
16,3,2,29,1611,3,625,Medium
19,6,2,26,1422,0,969,Medium
8,2,0,23,1141,1,1419,High
16,0,0,22,1004,4,807,Medium
19,2,1,32,1089,4,725,Medium
21,0,0,37,1271,4,824,Medium
21,6,1,32,1764,4,276,Low
7,0,3,27,1239,3,1119,High
16,4,0,32,1174,0,1145,High
6,5,2,29,1759,4,665,Medium
0,2,0,18,1513,1,1383,High
12,3,1,31,627,1,691,Medium
22,2,0,19,1002,2,512,Medium
18,4,3,36,1723,4,1384,High
23,0,2,30,1401,4,507,Medium
18,4,1,23,1042,4,1369,High
16,1,2,24,991,4,890,Medium
12,1,2,38,1544,4,288,Low
15,3,1,32,1757,1,934,Medium
7,4,2,31,1213,0,977,Medium
18,6,2,32,1290,0,950,Medium
17,3,0,21,915,2,570,Medium
0,6,2,18,647,1,650,Medium
13,3,2,19,1469,4,366,Low
18,1,2,37,528,0,591,Medium
14,3,2,30,1884,3,935,Medium
17,1,1,17,807,3,690,Medium
1,0,3,32,661,3,1124,High
21,6,0,37,1368,4,1373,High
16,4,2,35,1351,4,1266,High
17,3,2,28,560,2,1144,High
5,1,1,29,624,2,228,Low
18,2,3,31,1979,2,1254,High
3,6,2,15,1594,3,892,Medium
0,3,1,39,1337,4,327,Low
7,5,0,35,965,3,966,Medium
22,0,0,31,742,2,640,Medium
6,0,2,37,1744,4,1068,High
2,2,2,39,972,1,723,Medium
9,1,3,25,1458,0,959,Medium
9,3,3,31,1032,0,309,Low
18,6,2,28,993,2,1468,High
13,1,1,34,1398,3,362,Low
1,0,3,33,581,1,759,Medium
0,1,2,35,1355,4,598,Medium
22,0,3,21,1378,3,782,Medium
22,1,2,38,1422,2,598,Medium
17,2,0,27,511,3,438,Low
6,4,2,32,1786,2,1255,High
7,2,0,37,948,0,1346,High
0,2,3,28,1715,0,309,Low
22,4,2,15,1261,3,1494,High
2,4,3,21,1637,1,499,Low
23,3,0,22,525,4,1201,High
22,6,2,32,1007,2,963,Medium
7,6,3,23,561,4,448,Low
21,3,0,15,728,0,720,Medium
14,2,3,36,1106,1,233,Low
4,2,1,31,1558,1,427,Low
2,0,0,33,1979,4,784,Medium
18,0,0,20,1390,0,1157,High
0,6,0,17,1260,4,1012,High
14,3,2,38,1094,3,923,Medium
7,5,2,19,1548,1,783,Medium
1,5,2,16,1555,1,769,Medium
2,3,1,34,1535,3,419,Low
23,0,1,39,1842,0,986,Medium
13,6,0,18,500,1,727,Medium
23,6,1,24,1958,2,274,Low
13,0,3,24,1659,2,335,Low
10,5,0,38,1719,0,273,Low
15,1,0,35,632,3,453,Low
3,1,3,25,585,4,1241,High
19,0,0,30,1999,0,1221,High
4,1,1,31,1847,4,1266,High
21,4,2,30,1703,0,249,Low
20,3,3,21,1015,2,714,Medium
13,3,1,30,674,3,943,Medium
22,0,3,17,1262,2,930,Medium
15,2,3,30,1544,3,770,Medium
17,5,0,22,1496,4,775,Medium
6,0,0,26,1628,0,1365,High
9,1,1,17,1077,1,1102,High
6,5,3,31,1966,1,401,Low
0,2,0,35,548,3,406,Low
22,1,0,32,1027,3,614,Medium
20,6,3,25,644,2,420,Low
18,4,1,18,1863,1,957,Medium
15,1,1,30,1261,2,1304,High
18,4,3,31,1877,4,962,Medium
3,5,1,23,1598,1,762,Medium
17,4,0,20,1428,4,568,Medium
1,5,3,38,1293,0,1095,High
0,5,0,34,818,2,403,Low
14,5,2,39,1610,3,1248,High
4,5,2,16,1197,1,1156,High
19,5,1,23,1346,2,268,Low
10,1,2,35,1282,3,715,Medium
9,5,0,20,541,0,439,Low
1,1,2,17,1616,1,560,Medium
2,5,0,34,1028,4,1254,High
22,4,1,20,1788,0,906,Medium
22,6,1,21,791,3,889,Medium
11,5,0,15,1468,1,856,Medium
19,2,2,37,1987,1,543,Medium
4,5,1,15,596,0,735,Medium
4,5,3,19,1618,1,554,Medium
5,4,1,20,1849,3,1127,High
8,3,2,27,573,0,1182,High
1,4,3,16,1859,4,304,Low
20,2,2,29,1591,0,1161,High
11,3,0,29,1257,0,726,Medium
2,0,3,27,1600,4,703,Medium
19,0,2,39,707,3,1308,High
21,2,3,28,1744,2,1130,High
11,4,2,36,1785,2,908,Medium
23,1,3,21,909,4,434,Low
16,2,2,28,830,3,1486,High
9,6,0,38,843,1,1229,High
23,3,3,24,1488,4,693,Medium
13,3,3,31,1270,2,1077,High
22,5,3,28,573,3,1423,High
16,0,3,22,753,0,1166,High
17,3,0,18,1458,3,1165,High
18,2,3,30,1319,3,1163,High
16,3,1,38,1485,2,1096,High
13,2,0,27,831,2,416,Low
8,1,1,36,1921,1,822,Medium
7,5,3,39,1868,1,552,Medium
1,0,2,34,1246,4,891,Medium
12,3,1,32,1335,0,874,Medium
6,2,3,28,954,1,830,Medium
8,4,1,32,1638,2,524,Medium
21,0,3,19,812,3,1100,High
21,1,3,23,1517,4,1451,High
10,2,3,17,727,1,1368,High
13,6,2,22,1333,3,507,Medium
3,6,1,34,1357,3,853,Medium
12,5,0,36,1768,1,484,Low
1,5,0,24,1317,0,591,Medium
22,1,0,36,1517,0,559,Medium
4,1,0,33,1027,4,968,Medium
10,5,3,35,1449,0,996,Medium
5,3,1,17,926,4,1131,High
17,3,1,25,541,2,364,Low
20,2,2,25,964,1,932,Medium
9,4,1,31,777,3,780,Medium
3,2,1,30,1335,4,1020,High
8,4,1,21,518,0,1447,High
5,1,2,18,565,4,323,Low
1,0,0,37,666,4,543,Medium
16,2,1,33,1519,0,723,Medium
4,2,2,26,902,0,1275,High
5,4,2,29,908,1,328,Low
11,1,3,25,611,3,1358,High
22,1,2,19,1797,1,856,Medium
20,6,0,19,1930,1,1350,High
9,4,1,29,1896,0,937,Medium
21,1,2,32,1096,0,1138,High
20,5,0,25,1150,3,270,Low
5,3,2,26,1562,4,472,Low
7,6,2,16,604,1,1410,High
1,5,2,34,823,3,1226,High
11,0,2,29,1491,1,221,Low
12,2,2,34,1937,4,365,Low
20,6,0,18,928,1,1074,High
6,0,1,36,1134,2,697,Medium
9,2,1,32,1229,3,633,Medium
12,3,1,20,1388,0,957,Medium
16,1,1,37,1584,1,433,Low
20,5,0,33,1830,3,1036,High
13,4,3,25,1877,3,862,Medium
1,5,3,38,892,1,924,Medium
21,3,0,16,703,0,575,Medium
10,0,0,22,757,0,929,Medium
0,4,2,25,985,1,1469,High
18,1,2,19,945,3,502,Medium
20,3,2,32,1703,0,604,Medium
3,4,1,37,1523,1,907,Medium
18,3,2,32,841,1,1116,High
20,3,3,28,632,1,220,Low
10,1,1,36,942,3,456,Low
7,6,2,24,752,0,598,Medium
10,2,1,17,764,3,250,Low
3,4,3,23,592,2,646,Medium
16,1,2,17,1934,0,1493,High
6,3,3,25,637,3,1026,High
7,1,3,26,1731,0,794,Medium
2,6,3,26,1501,2,1017,High
21,2,2,17,806,4,835,Medium
1,5,0,35,765,1,1485,High
22,4,2,21,1145,3,1272,High
14,2,3,28,817,2,1341,High
23,0,2,38,1636,2,974,Medium
21,4,3,25,1400,0,1172,High
21,2,0,21,1901,0,596,Medium
4,3,1,39,953,1,882,Medium
23,4,0,35,690,0,1250,High
0,4,0,24,1963,3,910,Medium
3,1,1,25,1710,3,1320,High
14,3,2,29,1330,3,728,Medium
19,0,1,33,1890,4,884,Medium
18,5,2,30,1612,3,812,Medium
2,6,2,36,686,0,385,Low
19,2,3,35,1318,0,895,Medium
10,1,3,34,1520,3,414,Low
16,2,1,26,631,2,1474,High
12,0,0,32,1371,2,415,Low
10,0,1,37,1134,2,228,Low
1,4,2,27,1899,1,301,Low
8,6,3,19,1190,4,322,Low
1,0,1,18,1191,3,253,Low
20,2,1,28,1622,1,1340,High
8,3,3,22,1557,2,815,Medium
8,3,3,23,1081,3,756,Medium
7,4,3,39,670,1,313,Low
16,5,2,33,1889,0,1054,High
0,2,3,17,1283,2,875,Medium
10,2,0,19,1582,1,1176,High
7,0,1,35,680,0,900,Medium
9,6,3,32,518,2,1418,High
6,2,3,15,1749,4,491,Low
2,1,2,22,1996,2,460,Low
2,5,2,33,1618,4,1430,High
17,0,1,31,1380,4,763,Medium
4,1,0,31,1820,4,248,Low
11,4,1,25,674,3,1229,High
11,3,3,16,1745,3,578,Medium
18,4,0,20,553,4,423,Low
5,3,0,36,1194,0,1246,High
1,4,0,28,1362,4,1207,High
11,2,0,17,1926,1,856,Medium
18,1,1,26,1841,4,309,Low
4,3,2,18,848,3,923,Medium
11,0,2,26,942,3,752,Medium
16,1,3,27,1332,1,1395,High
16,0,2,16,1079,1,1205,High
9,1,2,16,781,2,897,Medium
22,1,2,29,859,0,925,Medium
16,4,2,37,1414,0,505,Medium
14,3,3,31,1322,0,1158,High
11,3,1,21,1391,3,1153,High
15,6,0,28,1452,0,1374,High
23,1,2,26,1140,2,820,Medium
18,2,1,31,1531,2,829,Medium
7,2,2,28,1062,0,1076,High
20,0,2,20,990,1,755,Medium
16,0,0,33,840,2,266,Low
22,4,0,38,971,1,1379,High
4,1,0,20,748,3,1034,High
21,0,2,32,734,2,405,Low
15,0,2,38,1606,1,985,Medium
5,5,2,19,1616,0,354,Low
7,1,0,38,1917,3,1297,High
17,4,3,38,1323,4,1272,High
11,0,1,20,1791,4,982,Medium
14,4,3,16,1940,0,784,Medium
8,3,2,22,1131,3,907,Medium
12,4,2,29,1028,3,378,Low
14,2,3,29,1776,3,1271,High
9,2,2,25,621,3,1295,High
15,4,1,36,1391,4,312,Low
6,2,2,36,509,1,956,Medium
16,3,1,38,1839,3,1096,High
22,1,3,15,1337,1,1020,High
20,2,3,32,1796,3,358,Low
21,2,2,26,1829,2,985,Medium
6,4,1,26,1733,2,1253,High
13,3,2,39,1252,2,1320,High
14,6,0,25,1385,3,450,Low
20,6,0,22,963,1,1315,High
6,6,0,21,1211,4,312,Low
8,6,0,37,1227,0,458,Low
18,1,2,35,1216,4,306,Low
15,4,0,16,1939,3,774,Medium
7,4,1,25,1739,2,1190,High
17,5,3,36,579,2,1422,High
22,3,3,24,979,1,626,Medium
17,6,0,17,1401,3,1058,High
19,1,0,34,1390,4,1117,High
6,3,0,24,517,3,1343,High
2,6,2,32,1688,3,826,Medium
17,1,3,28,701,2,674,Medium
9,3,0,32,1240,4,751,Medium
6,4,1,38,1869,0,543,Medium
16,4,0,22,1889,2,827,Medium
13,0,3,24,1971,4,335,Low
23,2,0,36,818,1,476,Low
2,6,3,27,716,2,230,Low
11,5,0,35,1557,1,446,Low
12,3,1,22,765,2,610,Medium
1,5,0,18,1223,3,226,Low
2,0,1,18,1274,4,272,Low
4,2,1,19,1603,1,1320,High
10,3,0,15,912,2,872,Medium
7,1,1,31,1775,1,675,Medium
22,6,2,16,1535,2,486,Low
22,2,0,22,900,2,411,Low
11,4,0,21,1223,0,1299,High
6,0,1,29,781,0,600,Medium
14,2,1,39,1635,0,854,Medium
23,6,0,19,1222,1,1257,High
16,2,2,16,1901,3,697,Medium
3,6,1,21,1250,2,1047,High
21,4,1,22,767,4,297,Low
12,3,3,21,797,0,565,Medium
17,1,2,21,1840,1,662,Medium
0,4,2,28,1069,1,227,Low
15,1,0,35,1008,1,912,Medium
12,3,2,32,1045,4,472,Low
9,2,0,20,1274,4,1025,High
11,1,3,18,864,0,1350,High
1,0,2,24,1046,4,401,Low
22,0,1,32,770,0,649,Medium
2,6,3,26,1997,4,1311,High
9,4,0,30,1238,4,218,Low
1,3,3,39,1036,4,1330,High
22,6,0,21,1757,0,510,Medium
12,4,3,20,558,2,611,Medium
12,4,0,19,1774,0,941,Medium
17,6,2,17,585,2,823,Medium
2,5,1,26,1262,1,931,Medium
6,4,0,29,889,1,834,Medium
13,5,3,24,1703,0,697,Medium
19,0,0,34,1218,2,443,Low
16,0,0,33,1355,2,889,Medium
20,4,0,30,648,2,776,Medium
11,0,3,25,1082,1,714,Medium
15,3,1,22,620,0,406,Low
23,5,2,17,1264,3,1147,High
11,5,1,37,1104,2,593,Medium
14,4,0,21,755,2,1244,High
9,0,3,37,1265,3,917,Medium
6,1,1,21,1363,0,401,Low
19,6,0,28,1299,2,319,Low
4,6,2,16,1832,0,588,Medium
0,5,2,24,558,2,433,Low
16,4,2,33,1521,4,801,Medium
2,4,0,23,1592,2,911,Medium
12,3,3,30,1969,4,1181,High
13,2,1,33,887,0,1403,High
23,2,2,32,1609,2,1056,High
17,5,0,23,1285,1,275,Low
3,6,0,30,1750,1,848,Medium
17,3,1,27,1092,3,849,Medium
4,3,2,24,1707,1,695,Medium
15,3,0,39,1845,4,1424,High
0,5,1,34,1408,1,1029,High
20,2,3,28,1841,1,682,Medium
13,6,3,26,1065,1,1442,High
14,3,3,39,898,2,1283,High
8,6,2,33,1398,3,1190,High
14,0,1,21,1816,0,818,Medium
16,4,1,37,792,3,749,Medium
23,4,0,29,984,4,845,Medium
3,6,0,30,1970,2,1444,High
11,1,0,22,1302,2,701,Medium
4,1,1,24,1935,1,1356,High
4,5,0,18,1389,1,1045,High
10,5,1,33,743,4,252,Low
5,4,1,33,1943,2,649,Medium
6,0,3,35,1459,0,261,Low
23,2,0,29,1677,3,1246,High
13,2,3,28,1315,2,243,Low
23,5,2,15,1947,0,1019,High
10,0,2,30,772,0,858,Medium
12,5,2,24,1019,3,927,Medium
1,2,1,33,1651,0,1051,High
6,6,1,36,1896,4,246,Low
19,5,1,17,1067,0,1019,High
3,3,0,19,1137,4,1247,High
7,6,3,23,658,0,288,Low
19,5,1,32,1151,1,1397,High
21,4,3,25,675,0,1342,High
20,5,3,30,1119,4,934,Medium
18,4,3,16,710,0,377,Low
12,0,0,26,946,0,1218,High
13,2,0,36,1085,0,1282,High
9,6,2,20,666,4,1100,High
10,6,2,25,959,0,637,Medium
1,1,3,22,1415,3,625,Medium
8,1,2,26,1880,3,1167,High
16,2,3,16,1827,4,685,Medium
2,1,0,23,1756,1,1408,High
23,6,0,29,1850,3,659,Medium
5,5,0,16,1705,2,1120,High
4,0,1,15,1857,3,1325,High
4,0,3,24,1552,2,1238,High
21,2,0,16,1213,4,947,Medium
14,1,3,26,1616,1,250,Low
22,5,2,37,1340,2,508,Medium
16,0,2,22,1367,2,1257,High
8,0,0,19,1187,3,1204,High
2,3,3,36,829,2,834,Medium
19,3,0,15,1707,4,404,Low
16,6,2,29,594,4,939,Medium
9,0,0,20,1284,4,1293,High
2,2,3,26,1148,3,1453,High
17,4,2,22,852,1,732,Medium
17,4,1,27,1429,3,307,Low
16,5,2,33,1440,4,1075,High
23,0,1,15,1483,3,1464,High
2,0,0,25,1788,4,450,Low
2,6,0,34,1542,0,334,Low
5,0,3,15,1145,0,1313,High
12,2,1,22,1125,2,888,Medium
23,3,0,19,638,1,606,Medium
14,0,1,31,1215,0,301,Low
8,0,0,22,1261,4,892,Medium
3,6,2,39,754,3,1369,High
13,1,0,24,1608,3,603,Medium
4,6,3,16,1981,2,1013,High
1,6,2,23,1175,3,1225,High
10,2,3,38,591,0,1342,High
8,5,2,37,1592,3,1054,High
23,0,1,17,536,0,1414,High
2,6,3,32,639,0,1226,High
8,6,0,21,1366,1,1141,High
2,1,1,29,1179,2,1220,High
1,6,0,35,1701,4,376,Low
11,4,2,36,636,0,1480,High
9,5,2,34,689,2,1072,High
8,0,0,32,841,4,676,Medium
14,0,0,39,1528,3,597,Medium
7,1,1,17,1471,2,419,Low
4,2,0,37,1780,2,372,Low
10,0,3,28,1161,2,935,Medium
1,4,3,38,742,3,701,Medium
23,0,0,16,914,3,960,Medium
14,4,3,28,1206,2,1483,High
5,5,0,36,842,1,330,Low
7,5,1,25,1181,0,1336,High
4,3,3,30,1902,3,997,Medium
15,3,3,22,1152,1,998,Medium
17,4,0,21,645,3,1129,High
5,2,3,25,822,2,922,Medium
4,0,2,17,621,1,1243,High
15,6,1,31,1775,4,414,Low
12,0,1,28,810,0,1474,High
4,3,3,20,1100,0,687,Medium
12,6,3,22,974,3,1494,High
16,4,2,36,1069,0,1417,High
17,6,2,19,1074,4,512,Medium
7,0,3,22,846,1,278,Low
12,0,3,16,1319,1,379,Low
18,2,2,29,1996,2,1203,High
2,1,0,26,881,1,874,Medium
23,6,2,31,1803,3,213,Low
7,3,0,15,571,4,1058,High
1,3,1,29,1020,2,445,Low
7,1,1,28,1889,3,1237,High
12,0,2,34,1432,3,298,Low
12,2,0,36,1617,3,232,Low
0,2,2,30,1896,0,456,Low
5,3,2,23,838,3,233,Low
23,2,0,15,1960,0,218,Low
18,5,2,31,1859,1,1483,High
15,1,1,27,1163,0,788,Medium
7,0,3,35,539,3,336,Low
0,5,3,35,1882,4,558,Medium
15,1,2,19,1073,4,953,Medium
8,4,0,24,1777,1,1339,High
12,6,0,20,1465,3,603,Medium
10,3,1,38,1080,0,1425,High
12,2,0,33,1921,4,449,Low
20,4,0,39,669,2,645,Medium
9,2,1,27,1200,3,1153,High
3,5,2,15,1010,3,477,Low
5,0,3,34,1783,2,311,Low
6,0,1,39,1083,4,945,Medium
4,0,2,29,1483,2,887,Medium
10,2,1,28,958,1,591,Medium
12,4,2,22,1028,0,1168,High
18,0,1,24,840,0,342,Low
22,4,2,23,556,4,1255,High
9,2,1,31,717,2,380,Low
9,5,2,23,1118,3,778,Medium
10,4,1,17,1315,3,997,Medium
20,5,3,25,1230,3,468,Low
6,2,3,26,963,1,1459,High
17,2,0,24,746,1,752,Medium
3,3,2,39,1229,3,832,Medium
1,2,1,31,872,4,474,Low
13,2,2,31,916,1,942,Medium
12,1,3,39,1554,1,285,Low
11,0,2,25,867,0,1286,High
6,3,1,36,1058,0,603,Medium
1,6,2,18,607,4,391,Low
12,3,1,21,1083,1,1254,High
13,3,3,35,1338,1,306,Low
16,6,3,28,917,2,821,Medium
8,1,3,21,1320,4,475,Low
16,5,0,38,1921,4,850,Medium
7,2,3,22,1795,2,755,Medium
1,0,2,15,1182,2,1305,High
23,4,0,38,1639,0,1287,High
12,6,3,36,755,4,766,Medium
2,5,2,18,1604,4,785,Medium
15,6,2,26,1279,2,1084,High
5,2,2,38,1651,3,328,Low
18,1,1,17,1337,3,455,Low
6,6,0,27,1414,0,1133,High
9,2,2,34,734,3,430,Low
8,2,1,20,1052,3,1360,High
1,1,3,25,680,3,1062,High
14,3,2,37,656,1,554,Medium
4,3,1,18,1977,0,345,Low
21,0,2,34,1070,2,1256,High
3,0,0,30,1356,3,459,Low
19,3,0,21,1547,1,286,Low
3,5,3,36,1996,3,1042,High
17,4,2,25,1923,1,464,Low
3,2,1,38,1447,0,591,Medium
16,4,3,15,1091,3,431,Low
11,2,2,21,633,1,1100,High
21,3,3,26,920,4,787,Medium
16,0,1,21,712,4,646,Medium
9,5,3,37,1399,1,1352,High
21,0,3,21,981,3,1494,High
0,4,3,24,847,3,1312,High
21,0,2,30,665,0,665,Medium
23,3,1,22,1436,0,1133,High
17,5,0,23,847,2,1393,High
17,4,2,23,1348,0,327,Low
13,5,0,16,897,3,1397,High
14,2,0,27,1082,2,1249,High
11,0,2,27,1225,0,772,Medium
3,5,2,37,1958,1,710,Medium
2,1,1,37,1744,4,687,Medium
19,0,1,18,807,0,1090,High
11,2,3,39,1490,0,778,Medium
6,5,0,38,1297,1,1149,High
10,4,1,26,1218,3,605,Medium
0,2,3,31,965,1,1249,High
5,1,1,16,598,0,1306,High
14,5,2,27,1765,3,563,Medium
14,6,1,32,657,2,1283,High
18,6,0,29,1109,0,750,Medium
10,3,1,22,1053,1,491,Low
22,0,0,29,1150,2,988,Medium
1,4,2,15,1419,4,1015,High
13,3,0,34,726,2,390,Low
1,5,1,24,922,1,660,Medium
3,6,3,26,1595,2,863,Medium
16,6,2,19,742,1,432,Low
2,6,1,23,1029,0,673,Medium
12,5,2,37,1568,3,857,Medium
8,6,2,22,1995,4,470,Low
6,2,1,30,870,3,1357,High
14,5,1,28,1151,3,370,Low
22,4,3,39,1188,3,227,Low
10,3,2,27,1233,1,335,Low
19,4,2,37,591,1,1124,High
1,1,1,35,1545,4,604,Medium
14,6,0,27,671,1,1176,High
13,1,1,19,1715,1,1087,High
19,0,2,30,1600,1,1464,High
21,0,1,25,1804,1,1055,High
10,1,3,36,1887,0,643,Medium
2,5,0,19,678,4,633,Medium
16,4,1,27,737,1,1451,High
11,1,3,25,1658,4,708,Medium
23,0,2,39,1376,2,233,Low
20,1,1,33,1401,0,1225,High
14,5,2,17,779,1,561,Medium
15,1,3,29,1542,0,1418,High
4,4,2,21,1239,0,805,Medium
19,3,3,21,870,2,915,Medium
5,5,3,20,1635,4,449,Low
18,0,3,17,1369,0,346,Low
4,4,1,27,1518,3,547,Medium
2,1,2,21,720,2,1477,High
0,1,2,19,1419,3,598,Medium
5,3,0,37,803,2,1399,High
14,0,0,32,1848,3,324,Low
1,0,0,36,1960,3,962,Medium
2,2,0,22,937,0,597,Medium
16,0,2,31,1693,0,330,Low
23,3,3,34,874,2,804,Medium
11,6,3,15,880,4,1091,High
17,2,1,28,1485,0,1021,High
14,2,3,31,513,0,1101,High
11,1,2,24,1242,1,1144,High
15,1,2,26,1168,0,931,Medium
7,0,2,30,999,4,533,Medium
13,2,1,28,1914,1,1243,High
16,1,0,30,1064,3,404,Low
20,3,3,22,1029,3,1155,High
7,1,2,37,991,1,554,Medium
14,5,2,24,1908,1,1396,High
13,5,0,31,1719,1,1412,High
17,1,2,32,1254,2,1023,High
19,2,3,34,799,4,1225,High
6,6,1,30,1314,4,1140,High
2,6,2,31,1046,3,367,Low
11,2,3,30,1226,3,567,Medium
20,4,2,33,1230,3,735,Medium
23,6,0,38,1327,0,1162,High
2,5,2,38,1101,3,779,Medium
19,3,2,22,1831,1,1149,High
13,2,1,20,1775,3,406,Low
14,0,0,20,1531,1,1272,High
13,5,0,35,1267,2,743,Medium
6,3,1,23,1374,0,328,Low
16,3,2,18,1731,0,813,Medium
11,2,3,26,1436,4,234,Low
19,3,0,26,630,2,1018,High
3,2,0,37,1107,1,398,Low
8,6,2,31,525,2,276,Low
5,1,2,29,1977,0,568,Medium
15,5,0,23,1134,1,1032,High
21,4,2,21,1709,2,725,Medium
21,1,3,24,983,0,548,Medium
20,5,0,30,1179,1,705,Medium
20,2,3,26,1574,1,842,Medium
1,5,3,39,504,0,437,Low
23,6,2,21,1088,1,337,Low
7,2,3,32,1683,0,1492,High
10,1,2,29,707,3,1424,High
12,0,1,20,756,3,1365,High
16,0,2,26,1728,1,811,Medium
7,5,3,25,510,1,879,Medium
20,0,1,34,1448,0,1038,High
17,2,2,17,507,1,1137,High
17,3,3,16,1932,4,554,Medium
13,2,0,20,1435,3,777,Medium
14,3,0,38,531,1,1046,High
5,1,2,36,1039,1,758,Medium
10,4,2,39,1504,2,1048,High
12,3,0,19,886,1,1454,High
0,0,3,32,1751,4,1369,High
5,2,3,30,1139,3,1375,High
8,1,3,22,1998,2,339,Low
7,0,2,39,706,0,862,Medium
10,1,1,34,1841,0,220,Low
21,4,1,36,1056,3,1477,High
18,6,1,25,847,0,263,Low
23,2,1,24,1292,4,1441,High
8,5,1,38,733,1,1295,High
16,2,2,39,1567,3,1189,High
11,4,2,26,1505,2,361,Low
13,2,1,35,1236,1,329,Low
14,5,2,20,1441,0,780,Medium
15,3,2,34,1665,0,424,Low
21,1,1,19,675,2,779,Medium
21,5,3,37,948,4,1182,High
19,0,2,23,1091,2,1204,High
0,4,3,30,581,3,306,Low
9,3,2,36,634,2,820,Medium
7,0,2,28,1355,0,1039,High
17,0,1,36,1700,4,1326,High
0,4,2,22,1906,4,1364,High
1,3,0,34,1766,2,776,Medium
0,6,0,33,1664,3,1357,High
0,0,1,28,1980,0,398,Low
8,0,3,21,939,1,709,Medium
12,3,3,19,1579,4,866,Medium
0,2,3,32,1196,2,278,Low
12,0,0,16,918,3,1093,High
19,1,3,25,587,3,711,Medium
21,3,3,36,1155,0,449,Low
6,0,1,22,1531,4,1088,High
1,4,3,15,714,0,1223,High
5,5,0,36,1051,1,798,Medium
6,1,0,26,1002,1,952,Medium
13,5,0,16,1198,1,799,Medium
17,5,1,32,744,3,1174,High
14,0,1,21,808,4,682,Medium
1,1,2,31,730,0,1035,High
9,1,3,36,1906,0,371,Low
22,2,1,37,654,1,1068,High
11,5,0,28,1698,4,216,Low
16,1,0,38,1347,4,593,Medium
7,2,1,21,614,2,1442,High
10,3,1,36,1913,4,433,Low
2,2,1,39,810,4,447,Low
5,4,2,17,1492,0,251,Low
8,6,0,20,799,4,214,Low
5,0,2,34,1541,4,640,Medium
8,3,2,16,1283,0,1335,High
6,6,3,31,511,4,895,Medium
8,6,0,26,1927,0,206,Low
17,3,0,26,731,2,1025,High
11,4,1,31,1454,3,1468,High
7,2,1,24,1229,0,1329,High
7,0,3,17,1801,0,1236,High
17,2,2,34,1876,4,1369,High
19,1,1,32,1517,0,677,Medium
14,2,1,27,1498,1,830,Medium
6,3,0,26,802,1,914,Medium
10,0,0,31,1040,2,314,Low
19,2,1,18,969,0,708,Medium
15,0,0,37,1312,4,1375,High
3,0,3,24,576,4,256,Low
5,1,1,25,1519,3,581,Medium
21,1,0,20,523,2,1380,High
2,3,3,20,1538,4,1151,High
8,4,0,23,1175,3,1356,High
9,6,0,29,1024,4,1386,High
13,0,0,16,846,3,474,Low
10,4,1,18,671,1,1300,High
17,6,2,19,1850,1,243,Low
21,6,0,31,1211,4,917,Medium
11,3,3,22,988,2,517,Medium
22,6,1,22,1985,0,733,Medium
11,6,1,36,877,2,1377,High
12,0,3,26,1687,2,436,Low
12,0,0,35,871,0,1092,High
18,5,2,22,1499,1,716,Medium
18,4,0,33,1476,1,1444,High
22,2,3,17,1947,0,1400,High
13,1,1,32,1256,3,1443,High
3,2,2,35,976,2,237,Low
12,4,1,33,881,4,853,Medium
7,1,3,33,654,1,946,Medium
22,2,0,29,756,4,1426,High
20,5,2,20,1173,0,1040,High
22,1,1,30,567,4,647,Medium
18,0,1,22,843,4,883,Medium
11,2,1,30,1800,2,324,Low
17,1,0,32,1172,0,1288,High
5,5,2,34,890,4,992,Medium
17,6,0,30,1972,1,983,Medium
18,1,0,25,758,0,1467,High
21,1,0,21,806,1,425,Low
4,5,3,31,1618,3,664,Medium
23,6,3,31,1449,4,842,Medium
8,2,3,26,1987,0,492,Low
2,3,2,27,1469,1,920,Medium
9,2,0,24,745,4,955,Medium
18,6,0,21,1232,2,365,Low
2,4,3,28,686,1,968,Medium
21,5,0,37,1424,1,1441,High
14,2,0,15,1284,3,1206,High
0,1,1,31,1896,2,1070,High
6,5,0,18,1929,3,1498,High
11,0,1,35,907,2,1275,High
16,6,0,19,1648,1,766,Medium
20,2,2,34,1860,3,1237,High
23,5,3,38,840,4,801,Medium
19,2,1,37,1062,2,1312,High
4,5,3,39,1701,1,1104,High
3,1,1,21,1150,0,240,Low
11,0,1,24,1451,2,1491,High
19,0,1,31,1693,2,1361,High
23,4,2,21,1562,4,1229,High
17,5,0,15,568,2,441,Low
16,2,1,21,1759,2,361,Low
18,0,2,38,880,4,1218,High
8,6,1,25,556,4,891,Medium
3,0,0,23,1800,3,1008,High
20,3,1,26,1349,1,1178,High
1,3,2,17,1622,1,717,Medium
3,0,0,18,1415,3,1097,High
1,5,2,18,824,1,982,Medium
14,4,0,39,960,2,983,Medium
1,0,0,27,678,3,1379,High
3,1,3,37,1343,3,284,Low
5,2,3,33,1073,1,1233,High
6,4,3,24,618,0,337,Low
9,1,0,19,1992,1,953,Medium
18,4,1,21,1048,0,1105,High
18,1,2,38,1145,3,912,Medium
21,2,2,30,1978,0,355,Low
11,2,2,15,525,2,607,Medium
2,3,3,26,1531,4,986,Medium
12,5,0,16,1468,0,1448,High
17,1,3,21,1032,4,779,Medium
7,3,1,25,648,2,1407,High
20,1,0,27,1548,4,1418,High
14,3,2,16,1154,2,753,Medium
0,2,3,21,1444,4,595,Medium
2,4,3,29,1054,4,1357,High
7,6,1,39,924,1,1009,High
3,3,1,25,792,0,1161,High
15,1,3,16,1708,4,741,Medium
22,1,1,21,1053,3,1232,High
9,6,2,18,930,1,1186,High
11,5,1,25,1103,0,369,Low
13,2,1,16,816,1,489,Low
13,1,3,30,897,0,1391,High
1,0,3,21,1847,2,1368,High
22,4,0,27,1095,4,939,Medium
4,3,0,19,1045,3,787,Medium
4,5,3,31,575,1,934,Medium
5,6,1,35,1364,1,656,Medium
12,4,1,26,1415,1,900,Medium
8,2,0,33,1208,1,1178,High
21,5,0,21,985,4,245,Low
14,3,0,20,1611,0,1240,High
13,3,2,22,1246,4,1484,High
23,6,2,27,1755,2,1346,High
6,0,0,19,1530,4,430,Low
19,6,1,16,1049,4,1149,High
1,2,0,23,1475,2,836,Medium
6,5,2,25,1575,4,311,Low
5,5,1,38,1441,0,792,Medium
16,1,2,20,1418,3,1469,High
1,0,1,21,1919,2,1058,High
2,0,2,39,1744,1,590,Medium
4,5,1,21,1951,0,591,Medium
4,5,1,33,1666,3,527,Medium
0,4,1,20,862,0,1438,High
7,4,1,25,881,0,946,Medium
11,4,3,25,1800,1,566,Medium
23,0,2,21,770,3,281,Low
3,1,2,16,1537,0,1005,High
12,3,3,33,797,1,1021,High
22,4,1,18,1503,2,1299,High
14,1,1,20,1987,1,1151,High
10,6,2,31,733,4,571,Medium
9,2,3,39,1074,1,1488,High
2,4,1,19,526,1,463,Low
21,6,1,21,1994,1,309,Low
13,3,1,23,592,0,506,Medium
15,2,0,39,1116,3,1423,High
9,2,3,15,808,1,425,Low
9,3,1,15,551,1,384,Low
11,4,0,33,818,4,1163,High
8,0,3,20,680,4,230,Low
0,3,1,32,1643,2,813,Medium
4,3,2,24,1374,2,298,Low
19,3,0,25,1566,4,1010,High
7,2,0,15,1146,3,1489,High
10,1,1,15,1783,2,851,Medium
11,6,1,27,696,3,1013,High
0,0,0,19,1144,4,1219,High
21,4,2,34,1470,2,1177,High
19,4,2,15,754,1,287,Low
10,6,3,34,1231,4,1286,High
4,1,1,17,835,2,1121,High
14,3,2,32,1489,3,785,Medium
4,0,3,23,1399,3,1017,High
11,4,2,28,1778,2,1131,High
4,6,1,31,1013,3,1492,High
16,5,3,37,741,2,996,Medium
16,6,3,28,648,2,1218,High
23,4,3,18,1822,3,1212,High
11,3,2,19,1256,0,1172,High
23,5,1,35,1119,1,832,Medium
14,1,3,31,952,4,545,Medium
14,0,0,36,1916,1,923,Medium
5,1,1,39,711,4,1100,High
11,1,0,16,1167,4,1301,High
19,6,0,37,1093,1,1237,High
17,0,3,36,630,2,335,Low
13,0,3,19,1852,3,596,Medium
1,4,2,18,1111,0,991,Medium
8,4,2,18,755,0,278,Low
4,0,2,20,1060,0,904,Medium
19,5,1,34,562,1,1181,High
0,2,2,35,1834,1,1465,High
22,4,0,27,906,2,1274,High
2,2,2,36,1301,0,943,Medium
5,6,3,19,1628,2,583,Medium
4,5,2,37,514,0,574,Medium
20,0,1,39,758,1,405,Low
4,5,1,37,1222,3,688,Medium
0,4,0,21,1935,3,1080,High
16,1,1,34,1782,3,831,Medium
18,6,2,15,1113,3,791,Medium
13,0,3,28,1783,4,1265,High
11,3,1,38,1568,0,732,Medium
9,6,0,18,1312,3,721,Medium
19,2,2,31,830,4,1024,High
20,5,0,35,664,4,1376,High
17,0,1,28,1716,4,797,Medium
23,6,1,30,1924,2,312,Low
10,5,0,28,1897,2,1335,High
1,0,2,30,1588,4,1398,High
17,4,1,38,886,3,933,Medium
6,6,3,34,1938,0,1444,High
23,4,1,22,1553,1,1394,High
14,6,2,38,1789,2,517,Medium
10,4,1,17,827,3,1195,High
17,5,0,39,1740,3,412,Low
22,3,1,33,819,1,452,Low
11,6,1,15,898,1,323,Low
5,6,2,16,604,3,1436,High
19,4,0,29,1195,1,823,Medium
22,0,2,36,1516,3,1308,High
12,6,1,24,829,1,1288,High
19,4,3,32,1159,1,1466,High
15,1,1,36,1570,3,1097,High
17,4,2,28,1098,4,1360,High
9,5,3,31,1320,3,446,Low
22,3,2,27,1140,0,640,Medium
7,1,2,15,813,1,244,Low
17,5,0,19,1670,2,857,Medium
20,5,3,27,961,1,1079,High
0,5,1,39,985,0,1216,High
22,0,2,28,909,2,753,Medium
7,5,1,38,526,2,1008,High
5,0,0,17,1552,3,1170,High
4,5,0,29,770,4,1312,High
14,2,3,33,1185,3,929,Medium
21,1,0,31,1000,2,1220,High
14,2,0,17,1776,2,1153,High
1,5,1,30,884,4,1451,High
0,1,0,28,559,1,1290,High
22,1,0,26,1630,4,1474,High
22,6,2,26,719,3,1264,High
10,3,0,25,1964,1,298,Low
9,2,2,31,1270,3,1071,High
17,3,0,22,1063,4,500,Medium
17,1,0,31,1045,1,1422,High
16,0,3,35,595,4,687,Medium
7,1,3,39,1488,0,1329,High
14,3,2,37,1612,2,1204,High
7,2,0,34,1327,1,676,Medium
16,5,1,25,730,2,1345,High
11,6,3,39,1467,0,1300,High
7,6,1,39,774,1,1335,High
13,6,3,16,745,2,1060,High
3,5,3,24,610,2,1008,High
0,6,0,24,733,1,717,Medium
0,2,3,25,1801,2,1420,High
18,5,1,20,916,2,1321,High
15,6,3,18,1177,1,658,Medium
13,5,2,38,1651,2,429,Low
20,3,0,26,1760,2,1391,High
15,2,0,25,1302,3,207,Low
4,4,2,37,1118,3,1395,High
8,0,2,37,1651,0,394,Low
1,6,2,39,1206,3,1492,High
17,0,3,27,1350,3,1242,High
5,5,0,19,1917,0,553,Medium
8,0,2,20,974,2,1272,High
0,2,3,15,1154,2,663,Medium
8,2,2,20,894,3,555,Medium
15,1,1,32,610,0,1049,High
12,6,1,36,589,2,1173,High
8,1,0,23,1262,4,1381,High
20,0,3,38,1803,1,265,Low
12,4,1,39,1856,1,1058,High
8,1,1,29,1747,1,770,Medium
10,1,3,22,1624,3,507,Medium
3,2,2,33,631,1,982,Medium
1,4,3,38,1536,1,320,Low
5,5,2,30,956,4,965,Medium
13,0,1,20,1964,2,972,Medium
3,1,1,20,597,4,295,Low
5,4,1,36,1643,3,1337,High
18,6,0,17,792,1,1186,High
5,4,0,24,1524,2,739,Medium
1,0,0,15,1071,1,201,Low
17,4,3,28,749,1,1435,High
12,4,1,18,1151,3,779,Medium
8,4,1,26,648,1,532,Medium
22,6,3,20,1918,0,1247,High
18,1,0,25,543,2,941,Medium
12,0,3,26,1567,2,705,Medium
10,6,0,24,1601,0,1199,High
0,4,1,32,1749,3,1399,High
23,4,2,21,661,1,932,Medium
21,1,0,21,752,1,713,Medium
6,0,1,25,631,2,1094,High
20,2,1,18,1971,3,560,Medium
14,6,2,34,973,3,473,Low
0,1,1,15,1632,3,376,Low
11,0,1,27,1205,1,1487,High
6,6,0,32,1558,3,1409,High
14,4,0,23,1990,0,726,Medium
20,0,2,38,774,4,1112,High
18,0,2,38,686,3,478,Low
0,5,1,23,1448,4,905,Medium
16,0,0,37,742,1,1421,High
16,2,2,23,763,3,263,Low
2,0,2,24,1021,2,489,Low
11,2,3,16,1462,1,217,Low
5,4,2,20,1282,0,263,Low
10,2,1,29,1610,0,529,Medium
2,6,0,17,1034,4,962,Medium
7,4,2,25,709,4,1240,High
13,4,3,20,545,2,642,Medium
13,2,0,17,1990,2,340,Low
9,1,2,38,525,0,643,Medium
1,3,3,25,1789,3,695,Medium
13,0,2,29,674,0,625,Medium
8,5,0,27,1834,0,1468,High
2,3,0,34,821,2,649,Medium
20,0,0,24,1658,4,550,Medium
7,0,1,20,554,2,798,Medium
15,4,2,29,1679,2,910,Medium
1,0,1,39,1167,2,1069,High
5,5,0,32,646,0,1384,High
20,0,3,32,1098,3,1363,High
11,2,2,21,519,0,592,Medium
4,3,1,29,1792,1,1041,High
1,2,2,32,832,2,600,Medium
15,5,3,32,1406,2,249,Low
4,0,1,34,1443,1,943,Medium
14,6,0,23,1410,2,1105,High
11,5,1,38,900,2,1235,High
3,4,2,16,1449,2,1190,High
14,2,2,22,1829,1,1238,High
10,2,2,34,527,0,227,Low
15,1,2,16,966,2,587,Medium
22,0,0,25,1783,3,1032,High
5,4,1,21,1481,1,449,Low
13,6,0,20,600,4,297,Low
17,2,0,24,1050,1,1262,High
11,2,0,19,1301,0,1261,High
10,4,2,25,852,1,378,Low
12,5,2,15,1823,4,1091,High
20,5,2,16,795,3,949,Medium
22,0,1,38,852,4,1387,High
10,1,3,15,1407,1,652,Medium
22,2,2,33,1653,4,296,Low
15,1,1,16,1518,1,508,Medium
14,5,2,35,1679,3,461,Low
20,5,2,34,1597,3,492,Low
14,3,0,37,1865,0,448,Low
3,6,0,35,1988,3,444,Low
10,0,0,38,1613,2,450,Low
18,3,1,18,954,4,322,Low
14,6,3,26,1211,4,524,Medium
3,3,3,36,1479,1,1185,High
20,3,1,34,1855,3,700,Medium
12,0,2,32,1238,0,886,Medium
21,0,1,15,1476,0,1289,High
18,4,2,15,1871,0,1035,High
1,1,1,38,732,2,258,Low
13,1,1,28,1523,3,930,Medium
3,4,1,18,601,0,465,Low
15,4,3,19,1452,2,435,Low
20,5,0,25,980,4,1097,High
19,6,1,38,1737,1,417,Low
13,3,3,37,607,3,1174,High
14,4,0,27,1688,3,788,Medium
2,2,0,30,1472,4,1116,High
7,1,1,38,1203,3,1117,High
15,4,2,27,834,3,1333,High
9,2,2,38,585,3,552,Medium
3,2,2,36,1233,3,290,Low
17,2,1,16,1374,2,901,Medium
1,5,2,30,1947,2,272,Low
16,5,3,20,863,1,884,Medium
12,2,3,28,559,3,921,Medium
3,6,3,15,1773,4,1421,High
10,5,3,31,1059,0,1157,High
6,3,0,25,616,1,1255,High
11,2,3,33,1373,0,847,Medium
9,3,2,17,1414,0,959,Medium
6,3,1,25,1467,3,1070,High
12,2,2,19,1498,4,342,Low
6,1,3,31,543,0,1148,High
23,6,0,36,1008,0,243,Low
16,2,3,21,1688,1,231,Low
9,2,1,24,1891,4,227,Low
9,5,2,25,1815,4,1219,High
23,2,1,17,1348,0,622,Medium
3,1,1,34,1416,4,690,Medium
19,5,1,24,1397,1,359,Low
3,0,2,24,1298,1,1044,High
21,0,3,28,1375,1,1430,High
6,3,1,26,785,3,217,Low
21,6,2,29,1727,0,1326,High
0,3,0,24,1183,4,871,Medium
11,1,2,24,1318,1,431,Low
23,4,0,33,620,0,623,Medium
12,6,2,15,1444,0,1103,High
9,0,3,38,1517,3,954,Medium
14,3,1,24,1711,4,1036,High
12,0,3,16,1406,4,1093,High
22,1,2,31,512,1,438,Low
21,1,1,38,1102,1,348,Low
21,4,0,21,699,0,822,Medium
20,4,2,21,1085,4,216,Low
21,5,1,34,1979,4,1113,High
8,6,0,23,947,1,425,Low
8,1,0,36,1340,2,851,Medium
14,3,3,16,1594,0,459,Low
9,0,2,28,1089,4,873,Medium
23,2,0,31,1653,3,373,Low
9,4,1,15,1388,3,404,Low
7,2,0,23,542,2,614,Medium
23,3,0,34,1019,1,1376,High
15,4,3,35,1536,1,1326,High
16,2,3,33,1224,1,991,Medium
4,6,1,18,1122,3,1288,High
3,3,3,22,1487,1,1340,High
17,0,0,27,1302,3,1379,High
23,6,0,18,1034,2,1305,High
18,3,3,23,801,0,717,Medium
3,5,0,23,1026,4,1290,High
6,4,0,36,1638,2,1461,High
9,1,1,32,959,3,1178,High
17,0,3,26,1331,2,1209,High
18,6,0,24,1004,4,789,Medium
3,6,3,25,1831,0,266,Low
9,2,1,21,1431,4,1399,High
0,4,3,23,824,3,883,Medium
22,1,0,20,1078,4,1478,High
17,3,3,33,1260,2,262,Low
4,1,0,30,1698,1,1013,High
14,4,0,29,1350,2,602,Medium
16,4,0,21,1695,3,391,Low
2,5,1,30,1459,0,270,Low
11,5,3,19,1001,4,1077,High
1,1,1,30,833,0,940,Medium
0,3,3,15,783,3,1145,High
22,1,1,33,974,4,1286,High
20,4,2,19,1577,2,444,Low
16,4,0,21,1981,2,718,Medium
21,2,0,33,1943,3,592,Medium
15,5,1,36,1131,4,971,Medium
4,2,2,19,1202,2,1400,High
14,0,0,31,908,3,1427,High
2,4,3,36,1481,3,1110,High
6,2,1,22,1827,0,1351,High
10,1,0,15,1058,2,1418,High
9,5,0,16,721,4,1417,High
8,5,1,29,657,2,383,Low
13,3,1,34,847,2,446,Low
12,1,3,32,1682,2,523,Medium
1,3,3,25,1388,3,359,Low
2,2,0,39,1421,1,905,Medium
6,6,0,24,1758,1,821,Medium
20,0,1,38,1161,0,1124,High
17,1,0,38,904,2,265,Low
2,1,0,18,1780,1,1129,High
9,1,1,19,1176,0,453,Low
21,3,0,18,1088,3,482,Low
6,2,0,27,1057,2,1283,High
8,1,2,39,1404,4,317,Low
16,6,3,27,1570,3,622,Medium
10,1,1,32,1736,0,755,Medium
6,5,2,38,978,3,235,Low
23,0,3,16,986,4,730,Medium
13,5,3,30,1065,3,290,Low
18,5,3,15,1865,0,1440,High
3,0,2,33,1023,4,297,Low
5,6,2,23,1203,4,730,Medium
9,2,3,17,1529,3,737,Medium
6,5,0,39,1320,4,1251,High
12,2,0,21,1667,3,1446,High
13,5,2,24,1357,2,279,Low
3,4,2,15,1784,4,762,Medium
7,0,2,24,1084,3,813,Medium
4,5,3,35,1185,2,375,Low
0,4,0,23,731,4,721,Medium
3,3,2,29,769,2,622,Medium
2,4,2,29,1439,4,1323,High
8,1,1,17,1970,0,775,Medium
7,5,3,39,1373,0,730,Medium
0,4,1,19,1745,3,531,Medium
5,2,0,23,551,1,852,Medium
8,3,1,36,615,0,939,Medium
6,6,1,23,1037,1,1312,High
3,5,1,37,1040,2,710,Medium
12,1,3,21,1542,2,241,Low
16,6,0,38,1314,1,1084,High
1,4,1,37,1915,3,280,Low
4,6,3,26,1290,4,601,Medium
11,6,0,39,1117,1,306,Low
20,3,2,23,918,1,1334,High
7,6,1,20,808,1,1437,High
5,6,0,37,1363,1,705,Medium
7,5,1,16,685,1,1344,High
17,3,2,23,760,3,1357,High
2,1,0,31,1796,0,919,Medium
21,4,3,15,659,4,456,Low
11,3,0,33,1369,0,1153,High
2,3,3,20,1261,1,1403,High
21,0,0,19,723,0,1132,High
5,3,3,16,1779,3,1271,High
1,0,2,23,679,2,1096,High
22,4,2,28,519,0,218,Low
11,6,2,18,1131,4,1269,High
1,5,0,18,1991,3,650,Medium
5,5,2,35,1733,2,1097,High
16,4,1,29,557,3,1279,High
2,4,2,22,1616,1,940,Medium
1,2,3,18,1744,2,1315,High
22,6,3,30,1222,4,281,Low
19,4,3,35,1755,2,936,Medium
7,3,0,18,1887,4,278,Low
21,5,1,30,1114,1,482,Low
11,1,2,36,1061,4,1196,High
3,5,1,26,873,3,359,Low
4,0,1,30,1121,0,1379,High
12,5,3,33,1979,3,1087,High
14,2,3,22,587,3,667,Medium
22,6,3,20,1543,2,1052,High
15,4,0,24,1513,1,661,Medium
9,6,1,19,513,0,1053,High
22,4,1,32,632,4,316,Low
15,5,0,24,1557,2,563,Medium
11,1,0,24,1391,1,665,Medium
16,1,0,21,1731,0,383,Low
15,2,1,32,1722,3,859,Medium
11,0,1,15,1091,1,1389,High
7,5,3,21,1082,1,274,Low
19,4,3,35,1678,1,1025,High
2,5,1,15,1601,3,1495,High
15,2,3,29,1695,4,702,Medium
12,3,0,18,788,2,994,Medium
22,3,2,34,1512,4,786,Medium
18,2,3,24,1378,0,855,Medium
7,4,1,37,1943,2,899,Medium
21,6,3,23,506,0,834,Medium
4,2,3,16,1683,3,1043,High
19,4,3,28,739,4,1474,High
7,1,2,30,1946,1,1034,High
23,2,0,15,1035,2,1353,High
11,4,1,16,569,1,963,Medium
0,2,2,21,715,0,557,Medium
20,2,1,24,1627,1,891,Medium
19,6,1,36,1577,1,821,Medium
5,6,1,34,1305,3,681,Medium
21,4,2,15,829,3,1179,High
17,4,0,27,1347,4,1301,High
7,0,1,15,1726,0,1177,High
6,2,0,19,1811,3,489,Low
0,3,0,30,544,3,951,Medium
20,2,3,29,1328,4,222,Low
15,2,2,31,697,2,1005,High
11,4,2,37,1739,4,371,Low
5,2,3,30,1832,1,1034,High
19,5,3,27,1395,1,517,Medium
1,2,0,25,1958,3,1107,High
13,5,1,31,831,3,997,Medium
3,6,2,31,1195,4,1190,High
0,3,1,16,526,4,1054,High
22,4,1,27,1689,0,1416,High
17,2,3,28,817,1,880,Medium
12,5,1,25,1797,4,1115,High
1,5,0,24,1906,2,1341,High
8,6,3,17,864,0,1229,High
20,5,1,31,1626,4,1042,High
1,1,3,29,1459,3,682,Medium
8,0,0,23,872,4,331,Low
0,3,0,24,744,3,1316,High
10,6,1,22,1692,3,1060,High
2,6,3,35,1941,1,493,Low
19,2,1,27,1879,1,840,Medium
22,1,1,32,977,4,1199,High
3,2,3,19,624,4,591,Medium
17,2,1,20,1036,2,448,Low
22,4,0,31,1205,0,902,Medium
5,4,3,25,1925,0,1366,High
2,4,3,34,1030,4,1460,High
21,1,3,30,1285,1,486,Low
10,2,3,23,753,2,476,Low
14,0,1,16,620,0,586,Medium
21,3,1,19,1555,4,649,Medium
4,4,0,15,1160,1,490,Low
19,4,2,18,1560,1,1392,High
9,6,2,18,1865,1,642,Medium
11,2,0,36,1536,3,855,Medium
14,2,2,39,1706,1,1407,High
16,1,0,17,1788,4,1268,High
9,1,1,23,587,2,1026,High
5,4,3,36,1985,4,1491,High
17,2,3,37,545,1,675,Medium
12,0,1,26,1915,2,452,Low
2,3,3,24,1642,0,488,Low
23,2,3,16,1432,0,1435,High
9,6,2,25,1970,4,1199,High
13,2,1,24,1244,2,220,Low
5,5,2,36,1466,4,515,Medium
2,1,2,20,1262,2,763,Medium
15,6,3,32,1261,2,1456,High
6,3,3,16,1293,4,322,Low
19,4,1,16,1243,2,1073,High
13,6,3,24,1569,1,1159,High
8,2,3,30,1057,2,413,Low
14,4,1,26,1025,2,1038,High
20,2,3,15,1096,4,846,Medium
2,4,2,35,1339,0,1167,High
1,3,1,22,502,3,929,Medium
1,1,3,30,1551,2,799,Medium
2,3,0,32,1904,3,991,Medium
17,5,1,27,656,2,239,Low
13,0,1,29,1354,4,951,Medium
19,1,0,35,1010,4,1142,High
17,3,3,26,1856,2,847,Medium
9,5,3,22,1186,4,381,Low
1,0,1,24,1637,4,464,Low
21,5,1,28,1912,2,970,Medium
0,2,3,19,1773,0,1062,High
3,2,3,32,1070,2,631,Medium
13,4,2,33,1214,0,1419,High
0,1,1,29,1838,4,708,Medium
13,2,1,20,738,0,646,Medium
15,6,0,25,1757,4,727,Medium
21,5,2,35,802,0,1425,High
13,1,3,25,1106,0,1074,High
19,6,2,34,1490,2,1356,High
2,2,3,34,833,0,1362,High
2,4,3,35,612,4,868,Medium
8,3,2,32,861,2,1046,High
5,4,1,39,1300,0,269,Low
12,6,3,32,596,2,1015,High
20,0,2,24,515,3,1238,High
1,2,0,16,1055,2,1435,High
7,6,2,23,875,3,1283,High
20,0,0,28,1241,3,1475,High
1,0,3,33,889,2,645,Medium
3,5,2,24,1119,4,1225,High
14,1,2,37,1740,4,218,Low
3,5,0,18,1922,4,760,Medium
12,2,2,20,1783,1,1301,High
11,0,2,28,1323,3,671,Medium
12,6,3,18,819,2,227,Low
13,3,2,29,695,4,759,Medium
19,0,1,30,917,4,807,Medium
17,6,0,21,1998,2,1388,High
5,3,2,31,1106,3,657,Medium
10,5,0,33,1067,2,1144,High
1,5,0,33,1043,1,1399,High
22,1,0,31,730,1,1183,High
18,6,2,20,1383,2,1067,High
18,0,2,25,1020,3,1215,High
4,4,0,30,1202,4,228,Low
18,5,1,39,1723,1,868,Medium
1,5,0,22,1345,1,1025,High
9,1,1,25,1172,3,1015,High
1,3,0,21,520,1,478,Low
10,1,3,38,1834,1,482,Low
17,0,0,36,1087,3,1202,High
23,6,0,39,1397,2,504,Medium
14,2,2,33,1957,4,893,Medium
8,2,1,24,870,4,308,Low
22,6,3,23,577,1,523,Medium
18,3,1,18,1808,4,1429,High
8,5,3,37,1147,2,1457,High
2,3,0,29,639,1,657,Medium
20,5,2,27,1052,4,1410,High
8,5,2,39,1497,0,681,Medium
13,2,1,16,781,0,1121,High
18,3,2,16,1781,0,719,Medium
6,1,1,30,1883,0,1276,High
15,5,1,23,939,0,1422,High
15,4,3,27,769,1,590,Medium
0,4,1,17,1657,3,970,Medium
3,1,3,23,1245,3,1112,High
3,4,2,27,603,1,1395,High
6,0,1,35,1265,1,285,Low
7,5,1,36,594,2,757,Medium
16,1,0,16,1228,3,1057,High
4,3,1,22,979,0,1409,High
6,5,1,23,1279,1,1379,High
19,1,0,30,1764,0,865,Medium
19,2,0,16,512,3,1353,High
3,3,2,20,1670,4,1042,High
5,2,1,36,1100,4,1304,High
6,5,2,22,594,1,494,Low
17,3,2,19,792,2,468,Low
4,4,0,23,524,0,844,Medium
19,1,3,15,1795,1,734,Medium
2,5,2,23,1689,2,287,Low
6,0,3,24,1438,0,1124,High
21,3,1,37,1261,3,310,Low
13,3,0,18,1610,4,783,Medium
6,6,1,17,1153,2,1377,High
4,5,1,24,1484,0,968,Medium
21,5,0,29,1137,1,1379,High
4,2,1,25,990,0,437,Low
22,6,0,28,1664,1,533,Medium
1,4,3,20,1626,4,305,Low
20,2,1,26,1749,4,581,Medium
21,6,0,27,1074,0,888,Medium
5,2,2,31,793,0,460,Low
14,4,1,30,1395,1,854,Medium
20,6,3,17,1829,1,1019,High
9,6,0,16,1777,2,908,Medium
22,0,1,25,1703,2,675,Medium
23,2,1,23,539,2,1448,High
6,2,1,17,1275,0,1106,High
4,3,3,32,1019,2,754,Medium
0,4,0,34,1045,0,862,Medium
12,1,2,29,735,4,774,Medium
20,0,2,28,962,3,841,Medium
17,6,2,16,1751,4,662,Medium
12,6,0,31,982,0,1054,High
20,6,2,36,929,0,1437,High
20,0,3,22,1545,3,784,Medium
17,6,0,24,842,1,1142,High
4,6,1,32,1563,1,815,Medium
12,4,3,39,1696,1,357,Low
3,5,1,33,1962,2,471,Low
16,5,2,22,1702,1,1461,High
2,3,3,22,632,2,869,Medium
16,3,0,17,850,2,820,Medium
10,6,3,17,1005,1,720,Medium
20,4,1,26,583,1,258,Low
19,6,0,36,1492,3,903,Medium
22,3,3,31,1987,3,847,Medium
20,0,3,18,1329,2,1474,High
3,0,3,31,1360,3,1090,High
1,1,3,28,842,2,635,Medium
19,5,0,33,1803,0,345,Low
15,4,1,23,1365,2,1058,High
17,2,3,35,1786,2,1177,High
7,5,0,26,1689,3,444,Low
2,2,1,19,792,0,500,Medium
8,1,3,25,1749,4,637,Medium
19,1,1,34,1693,4,1067,High
5,6,1,17,1097,4,299,Low
9,3,0,35,1144,0,924,Medium
20,1,1,29,947,1,1013,High
9,1,0,28,1189,0,679,Medium
12,2,3,25,1501,3,614,Medium
16,3,1,34,1354,2,364,Low
8,1,1,22,1001,2,1173,High
16,5,2,18,1263,3,1344,High
23,1,3,26,1234,3,287,Low
8,3,3,22,1902,2,1440,High
8,6,2,20,1724,1,772,Medium
0,4,2,29,749,1,1013,High
1,3,0,26,1932,1,378,Low
15,2,0,30,1100,3,362,Low
0,4,1,30,624,2,792,Medium
9,5,1,35,612,2,1205,High
17,0,1,34,1480,2,1393,High
7,3,1,34,1660,0,500,Medium
20,6,0,18,649,0,573,Medium
10,2,3,25,1374,4,907,Medium
22,5,1,27,842,0,402,Low
1,4,3,23,1079,1,246,Low
7,5,1,18,1282,1,662,Medium
21,3,2,26,820,1,607,Medium
7,1,1,23,1321,1,1417,High
16,6,1,27,1031,4,626,Medium
14,3,1,30,1812,1,1129,High
16,0,0,20,991,3,516,Medium
22,3,2,24,1111,3,620,Medium
23,4,1,27,751,3,1492,High
12,4,1,21,1600,0,462,Low
18,3,3,33,1915,2,365,Low
4,4,2,38,1935,4,627,Medium
11,1,1,33,672,3,596,Medium
0,5,3,31,1374,3,1439,High
22,3,3,27,700,1,995,Medium
4,6,0,27,716,3,306,Low
7,1,3,35,875,1,297,Low
12,5,1,16,510,1,1453,High
7,6,0,24,1535,2,1480,High
22,6,0,36,1391,0,242,Low
10,6,1,27,934,1,441,Low
0,5,2,23,1317,1,294,Low
12,1,3,15,1896,2,387,Low
18,6,0,28,1796,1,584,Medium
23,6,2,30,1430,4,1018,High
2,2,1,34,1190,0,1390,High
23,3,3,29,1655,4,1348,High
16,5,3,15,1354,3,286,Low
4,5,0,31,1283,0,688,Medium
19,4,3,38,818,3,425,Low
20,5,3,27,1343,1,544,Medium
7,1,3,29,1120,2,717,Medium
13,5,3,30,1284,4,1254,High
3,2,1,30,1691,3,495,Low
10,3,2,16,896,1,613,Medium
19,3,1,31,1703,4,334,Low
14,5,1,25,1581,4,724,Medium
18,6,0,22,959,3,1208,High
6,0,3,34,560,1,203,Low
18,0,1,17,868,2,377,Low
18,6,3,26,1644,3,945,Medium
10,6,1,34,1218,4,458,Low
4,6,1,30,1045,4,851,Medium
4,1,0,28,1540,0,1288,High
21,0,2,30,995,1,1240,High
7,6,2,35,996,0,1423,High
9,1,1,31,1004,2,743,Medium
5,4,0,25,1468,3,1435,High
14,1,3,31,1838,4,634,Medium
15,0,3,33,1592,1,1496,High
16,5,1,36,660,4,489,Low
7,4,2,15,1217,0,1002,High
7,0,0,26,1668,0,682,Medium
8,1,2,29,1492,3,433,Low
1,2,3,32,1908,1,607,Medium
14,3,2,37,768,1,893,Medium
17,0,3,28,1977,3,1369,High
2,6,0,15,1198,0,761,Medium
16,1,0,27,1364,0,629,Medium
3,6,1,29,849,0,631,Medium
3,6,1,21,609,4,696,Medium
13,6,2,29,906,2,1182,High
8,6,0,34,1149,0,1312,High
8,6,0,24,550,2,1196,High
22,4,1,28,1926,2,1096,High
17,0,3,20,1999,1,1026,High
9,0,2,28,1610,3,1464,High
20,3,2,38,1591,4,977,Medium
3,1,1,39,1095,2,422,Low
11,2,0,36,1478,4,667,Medium
7,4,1,26,1565,1,768,Medium
1,1,1,25,1230,0,574,Medium
21,4,1,39,556,2,1335,High
12,0,1,34,1237,3,726,Medium
20,6,3,36,695,1,611,Medium
15,3,3,38,1585,4,468,Low
1,3,0,39,1786,0,825,Medium
10,5,1,33,611,4,1475,High
9,2,3,16,1264,3,1211,High
14,3,0,36,1210,2,649,Medium
16,6,1,34,1701,3,1001,High
7,0,2,15,1447,4,1021,High
17,2,3,22,525,4,454,Low
22,1,0,39,909,3,1491,High
8,6,2,28,1257,3,325,Low
7,6,1,23,1030,3,961,Medium
13,3,1,16,1840,0,998,Medium
17,2,1,39,1629,4,764,Medium
21,0,3,37,1248,1,655,Medium
19,5,0,19,1987,0,1290,High
19,4,2,37,745,0,1289,High
20,4,0,39,1604,0,1111,High
11,0,3,22,1161,1,1061,High
18,0,0,30,1408,3,816,Medium
13,4,3,36,895,4,599,Medium
16,5,1,30,1021,2,486,Low
23,2,2,27,1425,2,385,Low
20,4,1,34,763,4,483,Low
2,0,0,29,1289,1,849,Medium
22,3,1,15,1797,2,890,Medium
6,1,2,36,671,0,436,Low
16,5,1,17,764,2,1241,High
11,6,2,20,1549,4,1014,High
8,5,2,36,1992,0,1127,High
14,3,1,28,975,2,613,Medium
17,3,3,18,855,4,208,Low
20,6,0,32,1549,1,619,Medium
12,0,3,29,533,4,228,Low
20,4,3,23,763,1,547,Medium
7,2,1,32,1661,0,860,Medium
13,5,0,17,1315,4,775,Medium
7,6,0,24,1374,3,649,Medium
13,5,3,31,1253,3,579,Medium
6,3,1,21,1065,3,898,Medium
22,4,0,29,961,3,565,Medium
11,5,3,15,1691,3,1450,High
10,2,0,39,1154,1,1341,High
21,3,1,25,580,4,611,Medium
21,2,1,31,1256,0,1150,High
10,4,1,19,1369,3,555,Medium
21,5,0,21,1930,3,453,Low
12,1,2,33,1569,0,926,Medium
17,5,0,39,1098,0,880,Medium
1,4,2,38,1306,3,1304,High
20,5,1,29,1576,1,1269,High
14,6,3,17,1483,0,1272,High
19,5,2,29,1203,4,1009,High
17,0,1,19,975,4,672,Medium
14,5,1,37,1091,1,615,Medium
18,5,2,26,515,2,1178,High
22,2,3,34,1883,1,799,Medium
23,1,1,19,986,3,1344,High
11,2,2,17,1205,2,1226,High
12,2,3,23,1664,3,659,Medium
21,3,3,23,1119,4,1450,High
10,0,1,21,1518,0,278,Low
4,2,0,16,1276,3,974,Medium
0,6,0,37,946,4,1294,High
23,4,1,37,789,1,1095,High
2,6,3,35,708,3,1420,High
21,4,1,30,1998,4,257,Low
18,5,2,23,912,0,823,Medium
22,3,0,27,1176,3,247,Low
6,0,2,33,1950,4,1408,High
11,6,1,34,1894,3,1038,High
14,0,1,31,1163,0,364,Low
4,6,3,20,789,3,529,Medium
14,5,3,18,1955,3,1344,High
7,4,3,15,1791,4,412,Low
9,1,2,32,650,2,706,Medium
15,3,3,33,1778,3,1115,High
7,6,1,23,1876,2,1000,High
0,6,3,27,1900,1,367,Low
11,5,0,22,1354,3,1194,High
4,3,3,37,1881,2,1029,High
2,4,2,27,1107,1,1195,High
0,4,0,29,869,4,1186,High
3,6,0,25,1750,3,986,Medium
7,1,0,26,1204,4,626,Medium
2,1,2,28,1826,1,1444,High
9,0,1,18,1325,4,1215,High
1,3,3,15,1504,4,1233,High
10,3,0,38,1912,0,1343,High
9,4,0,18,876,1,1470,High
20,0,0,33,1472,4,1444,High
13,5,1,23,617,2,972,Medium
6,3,1,24,1528,1,1281,High
1,0,2,18,943,0,1351,High
8,0,1,34,1875,3,916,Medium
15,6,3,23,1254,4,285,Low
12,4,2,27,1139,2,303,Low
8,0,2,26,623,0,342,Low
19,1,3,25,1157,1,404,Low
3,1,3,26,1800,4,840,Medium
21,2,3,32,1321,0,1261,High
9,4,2,26,1917,0,1275,High
21,6,2,30,1163,2,200,Low
11,5,2,19,859,3,210,Low
16,2,3,34,1122,3,946,Medium
13,1,3,39,1992,3,1437,High
13,6,0,26,1580,1,1155,High
1,2,1,35,1774,0,954,Medium
20,4,0,39,1418,1,717,Medium
19,6,3,25,1673,0,1231,High
10,4,2,23,951,2,204,Low
15,0,3,32,1685,2,893,Medium
18,3,1,39,619,1,311,Low
22,0,0,17,1081,1,1203,High
5,4,0,34,1874,2,472,Low
23,6,2,31,598,4,621,Medium
18,1,0,28,1690,3,464,Low
4,5,0,15,1013,3,411,Low
3,1,3,31,1163,2,1301,High
14,6,0,39,900,3,981,Medium
3,0,0,22,864,4,865,Medium
19,5,0,19,1849,4,1444,High
9,6,2,19,1080,0,568,Medium
23,4,2,23,1120,1,1157,High
21,1,3,17,1327,3,546,Medium
2,4,0,33,746,4,224,Low
4,5,2,37,933,1,1175,High
5,5,2,23,1616,1,616,Medium
20,1,3,36,1791,0,714,Medium
21,4,1,32,1114,1,414,Low
7,2,0,30,1442,1,1335,High
6,4,2,15,1462,2,1153,High
20,5,3,16,1123,0,1113,High
9,4,3,28,820,0,627,Medium
5,6,3,28,1355,3,932,Medium
13,0,2,15,561,1,898,Medium
3,2,0,39,799,3,415,Low
12,3,1,30,902,4,612,Medium
19,6,0,29,1454,1,579,Medium
16,0,3,29,1826,4,431,Low
22,3,3,26,752,2,1034,High
6,1,1,30,977,1,457,Low
3,3,0,28,1892,3,1479,High
13,6,3,38,659,3,602,Medium
2,4,3,29,1460,1,623,Medium
23,6,0,37,1689,3,969,Medium
4,3,3,29,704,1,264,Low
15,5,0,33,1790,0,389,Low
22,0,3,22,1661,3,1149,High
19,0,0,16,1891,1,372,Low
3,3,1,16,1966,1,958,Medium
23,0,3,24,1357,3,827,Medium
23,5,1,17,1259,0,760,Medium
1,6,3,37,1220,3,1450,High
17,0,3,31,1540,1,1200,High
18,3,2,22,567,0,600,Medium
18,2,0,37,632,4,837,Medium
16,2,1,18,1418,2,1148,High
13,1,1,28,929,3,412,Low
18,0,1,35,807,1,252,Low
21,6,0,24,1149,0,823,Medium
23,3,2,15,1697,0,951,Medium
12,0,1,18,911,4,861,Medium
11,4,0,15,596,3,338,Low
5,5,3,31,1677,0,617,Medium
20,0,1,31,1765,4,342,Low
3,0,1,21,1827,1,708,Medium
18,2,2,37,1808,4,849,Medium
15,5,1,34,1550,3,685,Medium
12,3,1,29,1925,4,1191,High
3,0,3,27,1883,0,742,Medium
22,2,0,16,1583,0,492,Low
16,1,0,33,701,2,870,Medium
22,5,2,38,1261,4,1037,High
0,2,3,27,1373,1,1237,High
17,2,0,38,1080,3,833,Medium
19,6,3,25,869,2,471,Low
16,2,0,36,1032,4,1248,High
14,6,3,29,1675,1,521,Medium
10,0,2,24,1625,2,1005,High
21,0,1,23,1398,0,1326,High
12,1,2,23,1106,3,1082,High
0,4,0,34,1969,4,1263,High
16,4,2,15,1372,1,434,Low
5,4,1,31,1752,0,1031,High
3,6,2,26,1648,2,1312,High
19,5,0,24,1269,3,1323,High
15,5,0,19,1333,2,343,Low
14,1,2,32,1498,2,1305,High
14,5,1,29,1437,1,788,Medium
5,4,2,20,735,0,428,Low
14,4,1,21,661,4,1420,High
13,2,3,31,1053,1,473,Low
10,5,1,20,1287,3,789,Medium
6,0,3,22,1876,2,852,Medium
8,0,2,26,1591,3,782,Medium
15,2,1,35,1696,1,1167,High
4,2,3,28,1058,1,571,Medium
19,2,3,26,760,4,1303,High
9,0,3,37,716,2,1458,High
17,4,0,24,1647,1,1018,High
2,2,2,36,1304,3,771,Medium
12,1,3,34,1685,4,744,Medium
10,6,1,29,700,3,326,Low
16,2,3,21,1977,2,932,Medium
21,6,0,23,901,4,616,Medium
12,3,2,24,1985,4,837,Medium
5,2,0,24,774,4,240,Low
16,0,0,30,705,0,986,Medium
12,5,0,21,1563,4,496,Low
18,2,1,19,1796,3,241,Low
20,5,2,37,1366,3,831,Medium
18,3,2,17,592,2,232,Low
9,1,1,32,1565,1,1499,High
2,5,2,25,1988,1,864,Medium
13,6,0,29,878,0,1313,High
18,4,2,35,1630,4,815,Medium
4,2,1,34,1851,0,1147,High
4,3,0,19,564,2,359,Low
19,3,1,38,864,2,657,Medium
16,5,3,26,1320,1,598,Medium
20,1,0,18,1547,2,1314,High
9,0,0,29,1039,4,780,Medium
4,2,2,23,1585,3,419,Low
3,3,0,21,990,2,578,Medium
5,1,1,24,1796,0,1129,High
3,4,2,37,728,4,1163,High
6,3,3,27,1543,2,1369,High
6,1,1,22,502,2,432,Low
17,0,3,26,1944,4,1121,High
2,0,3,36,1410,2,433,Low
0,3,3,38,806,3,925,Medium
23,6,0,33,931,1,566,Medium
3,3,1,15,635,4,680,Medium
5,5,1,30,1014,0,789,Medium
8,2,0,36,692,2,1318,High
21,1,2,31,1938,1,415,Low
13,3,3,39,1372,0,924,Medium
11,2,1,32,1641,0,911,Medium
19,5,0,25,1165,3,1184,High
23,2,3,32,708,1,1358,High
3,3,2,21,1451,4,1306,High
20,0,2,32,1557,1,590,Medium
23,1,3,22,1148,1,1270,High
11,1,2,20,1841,0,591,Medium
9,0,1,21,619,3,917,Medium
21,6,1,37,1126,3,584,Medium
6,3,1,36,1024,1,580,Medium
2,1,2,24,1268,1,1300,High
22,3,1,25,1612,2,1482,High
13,5,0,39,1011,0,803,Medium
23,3,1,27,546,4,1133,High
9,2,1,23,1271,4,598,Medium
15,0,2,21,1239,3,299,Low
15,6,1,23,1021,0,582,Medium
21,3,3,27,1807,3,906,Medium
9,6,0,17,1900,4,1415,High
12,6,2,17,633,1,209,Low
5,5,0,15,747,0,463,Low
11,4,3,35,1841,0,1491,High
8,0,2,34,935,2,1031,High
12,6,2,16,1699,1,829,Medium
3,1,1,39,1185,1,961,Medium
23,2,0,17,1085,3,394,Low
10,1,3,29,850,0,761,Medium
19,5,3,38,642,3,296,Low
17,5,2,20,1466,1,661,Medium
10,1,1,27,1303,2,957,Medium
20,0,2,35,1921,0,286,Low
3,1,2,15,1217,1,1190,High
17,3,2,34,1142,2,276,Low
0,1,2,33,1892,4,1369,High
6,2,3,15,1000,1,860,Medium
5,2,3,35,869,4,1334,High
14,4,2,36,1905,3,964,Medium
17,2,2,16,1609,4,877,Medium
23,1,1,29,1286,1,990,Medium
10,2,2,28,1238,4,782,Medium
